StockCode,zero_sales_weeks,followup_weeks,zero_fraction
10002,32,42,0.7619047619047619
10125,15,42,0.35714285714285715
10133,15,42,0.35714285714285715
10135,5,42,0.11904761904761904
11001,5,42,0.11904761904761904
15034,4,42,0.09523809523809523
15036,0,42,0.0
15039,1,42,0.023809523809523808
15044A,10,42,0.23809523809523808
15044B,20,42,0.47619047619047616
15044C,9,42,0.21428571428571427
15044D,11,42,0.2619047619047619
15056BL,0,42,0.0
15056N,0,42,0.0
15056P,0,42,0.0
15056bl,12,42,0.2857142857142857
15056n,10,42,0.23809523809523808
15056p,29,42,0.6904761904761905
15058B,16,42,0.38095238095238093
15060B,6,42,0.14285714285714285
16011,19,42,0.4523809523809524
16012,26,42,0.6190476190476191
16014,17,42,0.40476190476190477
16015,24,42,0.5714285714285714
16016,13,42,0.30952380952380953
16033,41,42,0.9761904761904762
16048,15,42,0.35714285714285715
16052,36,42,0.8571428571428571
16156L,28,42,0.6666666666666666
16156S,4,42,0.09523809523809523
16161P,1,42,0.023809523809523808
16161U,4,42,0.09523809523809523
16162L,35,42,0.8333333333333334
16168M,22,42,0.5238095238095238
16169K,39,42,0.9285714285714286
16169M,22,42,0.5238095238095238
16206B,42,42,1.0
16207B,32,42,0.7619047619047619
16219,12,42,0.2857142857142857
16225,20,42,0.47619047619047616
16235,4,42,0.09523809523809523
16236,8,42,0.19047619047619047
16237,1,42,0.023809523809523808
16238,3,42,0.07142857142857142
16258A,22,42,0.5238095238095238
17003,2,42,0.047619047619047616
17011F,38,42,0.9047619047619048
17012A,15,42,0.35714285714285715
17012B,12,42,0.2857142857142857
17012C,10,42,0.23809523809523808
17012D,13,42,0.30952380952380953
17012F,13,42,0.30952380952380953
17013D,37,42,0.8809523809523809
17021,18,42,0.42857142857142855
17028J,42,42,1.0
17038,21,42,0.5
17084A,36,42,0.8571428571428571
17084J,37,42,0.8809523809523809
17084N,8,42,0.19047619047619047
17084P,21,42,0.5
17090A,37,42,0.8809523809523809
17091A,34,42,0.8095238095238095
17091J,11,42,0.2619047619047619
17096,31,42,0.7380952380952381
17107D,21,42,0.5
17129F,11,42,0.2619047619047619
17164B,42,42,1.0
17165D,42,42,1.0
17174,40,42,0.9523809523809523
18007,30,42,0.7142857142857143
18094C,19,42,0.4523809523809524
18097C,12,42,0.2857142857142857
18098C,33,42,0.7857142857142857
20615,11,42,0.2619047619047619
20616,12,42,0.2857142857142857
20617,21,42,0.5
20618,13,42,0.30952380952380953
20619,8,42,0.19047619047619047
20622,20,42,0.47619047619047616
20652,17,42,0.40476190476190477
20653,28,42,0.6666666666666666
20654,21,42,0.5
20655,7,42,0.16666666666666666
20657,19,42,0.4523809523809524
20658,15,42,0.35714285714285715
20659,18,42,0.42857142857142855
20662,34,42,0.8095238095238095
20663,34,42,0.8095238095238095
20665,5,42,0.11904761904761904
20668,5,42,0.11904761904761904
20669,15,42,0.35714285714285715
20674,0,42,0.0
20675,0,42,0.0
20676,0,42,0.0
20677,0,42,0.0
20679,0,42,0.0
20681,37,42,0.8809523809523809
20682,2,42,0.047619047619047616
20684,26,42,0.6190476190476191
20685,0,42,0.0
20686,7,42,0.16666666666666666
20696,31,42,0.7380952380952381
20697,35,42,0.8333333333333334
20698,37,42,0.8809523809523809
20699,35,42,0.8333333333333334
20700,19,42,0.4523809523809524
20702,19,42,0.4523809523809524
20704,26,42,0.6190476190476191
20705,28,42,0.6666666666666666
20707,5,42,0.11904761904761904
20711,0,42,0.0
20712,0,42,0.0
20713,10,42,0.23809523809523808
20716,24,42,0.5714285714285714
20717,0,42,0.0
20718,0,42,0.0
20719,0,42,0.0
20723,0,42,0.0
20724,0,42,0.0
20725,0,42,0.0
20726,0,42,0.0
20727,0,42,0.0
20728,0,42,0.0
20731,34,42,0.8095238095238095
20733,4,42,0.09523809523809523
20734,35,42,0.8333333333333334
20735,16,42,0.38095238095238093
20748,24,42,0.5714285714285714
20749,1,42,0.023809523809523808
20750,1,42,0.023809523809523808
20751,0,42,0.0
20752,5,42,0.11904761904761904
20754,1,42,0.023809523809523808
20756,28,42,0.6666666666666666
20758,18,42,0.42857142857142855
20759,31,42,0.7380952380952381
20761,13,42,0.30952380952380953
20762,20,42,0.47619047619047616
20763,27,42,0.6428571428571429
20764,16,42,0.38095238095238093
20765,18,42,0.42857142857142855
20766,18,42,0.42857142857142855
20767,12,42,0.2857142857142857
20768,20,42,0.47619047619047616
20769,27,42,0.6428571428571429
20770,15,42,0.35714285714285715
20772,21,42,0.5
20773,28,42,0.6666666666666666
20774,28,42,0.6666666666666666
20775,20,42,0.47619047619047616
20777,20,42,0.47619047619047616
20778,39,42,0.9285714285714286
20781,31,42,0.7380952380952381
20782,32,42,0.7619047619047619
20785,38,42,0.9047619047619048
20794,24,42,0.5714285714285714
20795,35,42,0.8333333333333334
20798,42,42,1.0
20801,31,42,0.7380952380952381
20802,8,42,0.19047619047619047
20803,33,42,0.7857142857142857
20818,41,42,0.9761904761904762
20819,29,42,0.6904761904761905
20826,38,42,0.9047619047619048
20828,2,42,0.047619047619047616
20829,1,42,0.023809523809523808
20830,24,42,0.5714285714285714
20831,20,42,0.47619047619047616
20832,21,42,0.5
20839,12,42,0.2857142857142857
20845,35,42,0.8333333333333334
20846,12,42,0.2857142857142857
20847,28,42,0.6666666666666666
20851,37,42,0.8809523809523809
20854,40,42,0.9523809523809523
20856,24,42,0.5714285714285714
20857,40,42,0.9523809523809523
20866,18,42,0.42857142857142855
20867,27,42,0.6428571428571429
20868,26,42,0.6190476190476191
20869,27,42,0.6428571428571429
20886,9,42,0.21428571428571427
20893,29,42,0.6904761904761905
20897,31,42,0.7380952380952381
20898,35,42,0.8333333333333334
20902,24,42,0.5714285714285714
20903,23,42,0.5476190476190477
20914,0,42,0.0
20931,17,42,0.40476190476190477
20932,25,42,0.5952380952380952
20933,38,42,0.9047619047619048
20934,24,42,0.5714285714285714
20936,25,42,0.5952380952380952
20941,33,42,0.7857142857142857
20956,16,42,0.38095238095238093
20960,40,42,0.9523809523809523
20961,2,42,0.047619047619047616
20963,2,42,0.047619047619047616
20966,29,42,0.6904761904761905
20967,30,42,0.7142857142857143
20969,0,42,0.0
20970,0,42,0.0
20971,0,42,0.0
20972,0,42,0.0
20973,9,42,0.21428571428571427
20974,1,42,0.023809523809523808
20975,15,42,0.35714285714285715
20977,4,42,0.09523809523809523
20978,1,42,0.023809523809523808
20979,0,42,0.0
20980,33,42,0.7857142857142857
20981,1,42,0.023809523809523808
20982,1,42,0.023809523809523808
20983,1,42,0.023809523809523808
20984,10,42,0.23809523809523808
20985,8,42,0.19047619047619047
20986,11,42,0.2619047619047619
20992,2,42,0.047619047619047616
20996,5,42,0.11904761904761904
20998,15,42,0.35714285714285715
21000,20,42,0.47619047619047616
21001,18,42,0.42857142857142855
21002,30,42,0.7142857142857143
21003,19,42,0.4523809523809524
21012,1,42,0.023809523809523808
21014,23,42,0.5476190476190477
21015,24,42,0.5714285714285714
21025,28,42,0.6666666666666666
21026,25,42,0.5952380952380952
21027,29,42,0.6904761904761905
21028,22,42,0.5238095238095238
21030,30,42,0.7142857142857143
21031,35,42,0.8333333333333334
21032,33,42,0.7857142857142857
21033,14,42,0.3333333333333333
21034,0,42,0.0
21035,0,42,0.0
21039,9,42,0.21428571428571427
21040,40,42,0.9523809523809523
21041,1,42,0.023809523809523808
21042,9,42,0.21428571428571427
21043,28,42,0.6666666666666666
21051,29,42,0.6904761904761905
21054,30,42,0.7142857142857143
21055,14,42,0.3333333333333333
21056,19,42,0.4523809523809524
21058,4,42,0.09523809523809523
21059,11,42,0.2619047619047619
21060,11,42,0.2619047619047619
21061,9,42,0.21428571428571427
21062,12,42,0.2857142857142857
21063,7,42,0.16666666666666666
21064,20,42,0.47619047619047616
21065,16,42,0.38095238095238093
21066,17,42,0.40476190476190477
21067,20,42,0.47619047619047616
21068,2,42,0.047619047619047616
21069,21,42,0.5
21070,8,42,0.19047619047619047
21071,5,42,0.11904761904761904
21078,6,42,0.14285714285714285
21080,0,42,0.0
21082,26,42,0.6190476190476191
21084,5,42,0.11904761904761904
21086,0,42,0.0
21088,8,42,0.19047619047619047
21090,2,42,0.047619047619047616
21094,0,42,0.0
21095,34,42,0.8095238095238095
21096,10,42,0.23809523809523808
21098,20,42,0.47619047619047616
21100,36,42,0.8571428571428571
21106,19,42,0.4523809523809524
21107,11,42,0.2619047619047619
21108,4,42,0.09523809523809523
21109,20,42,0.47619047619047616
21110,12,42,0.2857142857142857
21111,23,42,0.5476190476190477
21112,19,42,0.4523809523809524
21114,3,42,0.07142857142857142
21115,3,42,0.07142857142857142
21116,1,42,0.023809523809523808
21117,31,42,0.7380952380952381
21121,0,42,0.0
21122,0,42,0.0
21123,6,42,0.14285714285714285
21124,0,42,0.0
21125,11,42,0.2619047619047619
21126,6,42,0.14285714285714285
21128,21,42,0.5
21129,24,42,0.5714285714285714
21131,22,42,0.5238095238095238
21132,28,42,0.6666666666666666
21135,0,42,0.0
21136,0,42,0.0
21137,4,42,0.09523809523809523
21147,28,42,0.6666666666666666
21154,0,42,0.0
21155,0,42,0.0
21156,1,42,0.023809523809523808
21157,29,42,0.6904761904761905
21158,5,42,0.11904761904761904
21159,6,42,0.14285714285714285
21161,30,42,0.7142857142857143
21162,6,42,0.14285714285714285
21163,10,42,0.23809523809523808
21164,0,42,0.0
21165,0,42,0.0
21166,4,42,0.09523809523809523
21167,16,42,0.38095238095238093
21169,3,42,0.07142857142857142
21171,22,42,0.5238095238095238
21174,0,42,0.0
21175,0,42,0.0
21179,11,42,0.2619047619047619
21181,11,42,0.2619047619047619
21187,26,42,0.6190476190476191
21188,22,42,0.5238095238095238
21189,17,42,0.40476190476190477
21190,39,42,0.9285714285714286
21191,13,42,0.30952380952380953
21192,11,42,0.2619047619047619
21194,16,42,0.38095238095238093
21195,28,42,0.6666666666666666
21196,33,42,0.7857142857142857
21197,28,42,0.6666666666666666
21198,14,42,0.3333333333333333
21199,20,42,0.47619047619047616
21200,13,42,0.30952380952380953
21201,6,42,0.14285714285714285
21202,27,42,0.6428571428571429
21204,8,42,0.19047619047619047
21205,12,42,0.2857142857142857
21206,7,42,0.16666666666666666
21207,4,42,0.09523809523809523
21208,4,42,0.09523809523809523
21209,7,42,0.16666666666666666
21210,7,42,0.16666666666666666
21211,5,42,0.11904761904761904
21212,0,42,0.0
21213,0,42,0.0
21215,5,42,0.11904761904761904
21216,0,42,0.0
21217,0,42,0.0
21218,0,42,0.0
21219,14,42,0.3333333333333333
21220,17,42,0.40476190476190477
21221,24,42,0.5714285714285714
21222,19,42,0.4523809523809524
21224,4,42,0.09523809523809523
21231,0,42,0.0
21232,0,42,0.0
21238,0,42,0.0
21239,0,42,0.0
21240,0,42,0.0
21242,0,42,0.0
21243,1,42,0.023809523809523808
21244,3,42,0.07142857142857142
21245,3,42,0.07142857142857142
21246,13,42,0.30952380952380953
21248,12,42,0.2857142857142857
21249,3,42,0.07142857142857142
21250,29,42,0.6904761904761905
21251,19,42,0.4523809523809524
21253,16,42,0.38095238095238093
21257,2,42,0.047619047619047616
21258,28,42,0.6666666666666666
21259,0,42,0.0
21260,1,42,0.023809523809523808
21261,25,42,0.5952380952380952
21262,19,42,0.4523809523809524
21264,26,42,0.6190476190476191
21265,32,42,0.7619047619047619
21269,30,42,0.7142857142857143
21270,33,42,0.7857142857142857
21272,17,42,0.40476190476190477
21275,38,42,0.9047619047619048
21277,26,42,0.6190476190476191
21278,39,42,0.9285714285714286
21279,31,42,0.7380952380952381
21280,32,42,0.7619047619047619
21281,39,42,0.9285714285714286
21284,23,42,0.5476190476190477
21286,34,42,0.8095238095238095
21287,19,42,0.4523809523809524
21288,6,42,0.14285714285714285
21289,14,42,0.3333333333333333
21291,18,42,0.42857142857142855
21292,27,42,0.6428571428571429
21294,14,42,0.3333333333333333
21306,21,42,0.5
21307,36,42,0.8571428571428571
21313,0,42,0.0
21314,0,42,0.0
21316,37,42,0.8809523809523809
21317,26,42,0.6190476190476191
21318,30,42,0.7142857142857143
21319,36,42,0.8571428571428571
21320,37,42,0.8809523809523809
21324,34,42,0.8095238095238095
21326,0,42,0.0
21327,0,42,0.0
21328,2,42,0.047619047619047616
21329,3,42,0.07142857142857142
21332,33,42,0.7857142857142857
21333,39,42,0.9285714285714286
21340,1,42,0.023809523809523808
21344,39,42,0.9285714285714286
21348,42,42,1.0
21352,23,42,0.5476190476190477
21354,16,42,0.38095238095238093
21355,22,42,0.5238095238095238
21356,13,42,0.30952380952380953
21357,41,42,0.9761904761904762
21358,9,42,0.21428571428571427
21359,30,42,0.7142857142857143
21360,35,42,0.8333333333333334
21361,26,42,0.6190476190476191
21363,13,42,0.30952380952380953
21364,30,42,0.7142857142857143
21365,21,42,0.5
21366,23,42,0.5476190476190477
21367,25,42,0.5952380952380952
21368,23,42,0.5476190476190477
21369,31,42,0.7380952380952381
21371,23,42,0.5476190476190477
21372,21,42,0.5
21375,26,42,0.6190476190476191
21376,31,42,0.7380952380952381
21377,20,42,0.47619047619047616
21378,26,42,0.6190476190476191
21379,17,42,0.40476190476190477
21380,0,42,0.0
21381,0,42,0.0
21382,7,42,0.16666666666666666
21383,11,42,0.2619047619047619
21385,0,42,0.0
21386,20,42,0.47619047619047616
21389,9,42,0.21428571428571427
21390,0,42,0.0
21391,10,42,0.23809523809523808
21392,40,42,0.9523809523809523
21394,6,42,0.14285714285714285
21397,31,42,0.7380952380952381
21398,32,42,0.7619047619047619
21399,26,42,0.6190476190476191
21400,9,42,0.21428571428571427
21401,9,42,0.21428571428571427
21402,12,42,0.2857142857142857
21403,6,42,0.14285714285714285
21407,5,42,0.11904761904761904
21408,7,42,0.16666666666666666
21411,4,42,0.09523809523809523
21413,37,42,0.8809523809523809
21415,17,42,0.40476190476190477
21416,41,42,0.9761904761904762
21417,15,42,0.35714285714285715
21418,26,42,0.6190476190476191
21420,29,42,0.6904761904761905
21421,37,42,0.8809523809523809
21422,15,42,0.35714285714285715
21424,13,42,0.30952380952380953
21425,26,42,0.6190476190476191
21426,16,42,0.38095238095238093
21427,28,42,0.6666666666666666
21428,1,42,0.023809523809523808
21429,15,42,0.35714285714285715
21430,0,42,0.0
21439,7,42,0.16666666666666666
21441,16,42,0.38095238095238093
21442,17,42,0.40476190476190477
21445,34,42,0.8095238095238095
21446,8,42,0.19047619047619047
21447,11,42,0.2619047619047619
21448,14,42,0.3333333333333333
21452,2,42,0.047619047619047616
21454,10,42,0.23809523809523808
21455,12,42,0.2857142857142857
21456,33,42,0.7857142857142857
21457,32,42,0.7619047619047619
21458,28,42,0.6666666666666666
21459,33,42,0.7857142857142857
21460,37,42,0.8809523809523809
21461,38,42,0.9047619047619048
21462,14,42,0.3333333333333333
21463,4,42,0.09523809523809523
21464,4,42,0.09523809523809523
21465,7,42,0.16666666666666666
21466,8,42,0.19047619047619047
21467,9,42,0.21428571428571427
21468,12,42,0.2857142857142857
21469,14,42,0.3333333333333333
21470,6,42,0.14285714285714285
21471,4,42,0.09523809523809523
21472,32,42,0.7619047619047619
21476,29,42,0.6904761904761905
21479,7,42,0.16666666666666666
21481,1,42,0.023809523809523808
21484,4,42,0.09523809523809523
21485,2,42,0.047619047619047616
21494,6,42,0.14285714285714285
21495,2,42,0.047619047619047616
21497,0,42,0.0
21498,0,42,0.0
21499,3,42,0.07142857142857142
21500,1,42,0.023809523809523808
21503,30,42,0.7142857142857143
21504,10,42,0.23809523809523808
21506,0,42,0.0
21507,0,42,0.0
21508,2,42,0.047619047619047616
21509,1,42,0.023809523809523808
21518,34,42,0.8095238095238095
21519,1,42,0.023809523809523808
21520,21,42,0.5
21523,0,42,0.0
21524,0,42,0.0
21527,33,42,0.7857142857142857
21528,6,42,0.14285714285714285
21530,6,42,0.14285714285714285
21531,1,42,0.023809523809523808
21533,0,42,0.0
21534,2,42,0.047619047619047616
21535,0,42,0.0
21537,17,42,0.40476190476190477
21539,3,42,0.07142857142857142
21544,2,42,0.047619047619047616
21547,39,42,0.9285714285714286
21555,14,42,0.3333333333333333
21556,12,42,0.2857142857142857
21557,6,42,0.14285714285714285
21558,0,42,0.0
21559,0,42,0.0
21561,1,42,0.023809523809523808
21562,21,42,0.5
21563,7,42,0.16666666666666666
21564,4,42,0.09523809523809523
21576,13,42,0.30952380952380953
21577,2,42,0.047619047619047616
21578,9,42,0.21428571428571427
21579,20,42,0.47619047619047616
21580,17,42,0.40476190476190477
21581,17,42,0.40476190476190477
21584,11,42,0.2619047619047619
21586,17,42,0.40476190476190477
21588,11,42,0.2619047619047619
21592,2,42,0.047619047619047616
21594,42,42,1.0
21609,18,42,0.42857142857142855
21613,20,42,0.47619047619047616
21615,22,42,0.5238095238095238
21616,26,42,0.6190476190476191
21617,16,42,0.38095238095238093
21618,19,42,0.4523809523809524
21619,19,42,0.4523809523809524
21620,18,42,0.42857142857142855
21621,2,42,0.047619047619047616
21622,9,42,0.21428571428571427
21623,0,42,0.0
21624,10,42,0.23809523809523808
21625,3,42,0.07142857142857142
21626,15,42,0.35714285714285715
21627,15,42,0.35714285714285715
21628,22,42,0.5238095238095238
21629,21,42,0.5
21630,25,42,0.5952380952380952
21631,37,42,0.8809523809523809
21632,42,42,1.0
21633,26,42,0.6190476190476191
21640,15,42,0.35714285714285715
21641,22,42,0.5238095238095238
21642,18,42,0.42857142857142855
21643,19,42,0.4523809523809524
21644,24,42,0.5714285714285714
21650,16,42,0.38095238095238093
21651,40,42,0.9523809523809523
21654,18,42,0.42857142857142855
21655,41,42,0.9761904761904762
21656,30,42,0.7142857142857143
21657,41,42,0.9761904761904762
21658,18,42,0.42857142857142855
21661,41,42,0.9761904761904762
21662,33,42,0.7857142857142857
21664,33,42,0.7857142857142857
21666,18,42,0.42857142857142855
21667,42,42,1.0
21668,0,42,0.0
21669,0,42,0.0
21670,0,42,0.0
21671,0,42,0.0
21672,0,42,0.0
21673,0,42,0.0
21675,13,42,0.30952380952380953
21676,17,42,0.40476190476190477
21677,10,42,0.23809523809523808
21678,27,42,0.6428571428571429
21679,6,42,0.14285714285714285
21680,10,42,0.23809523809523808
21682,13,42,0.30952380952380953
21683,13,42,0.30952380952380953
21684,21,42,0.5
21686,28,42,0.6666666666666666
21688,13,42,0.30952380952380953
21690,42,42,1.0
21692,41,42,0.9761904761904762
21693,16,42,0.38095238095238093
21694,29,42,0.6904761904761905
21695,18,42,0.42857142857142855
21696,24,42,0.5714285714285714
21698,21,42,0.5
21700,7,42,0.16666666666666666
21703,0,42,0.0
21704,4,42,0.09523809523809523
21705,13,42,0.30952380952380953
21706,7,42,0.16666666666666666
21707,16,42,0.38095238095238093
21708,17,42,0.40476190476190477
21709,16,42,0.38095238095238093
21710,20,42,0.47619047619047616
21711,21,42,0.5
21713,5,42,0.11904761904761904
21714,2,42,0.047619047619047616
21715,1,42,0.023809523809523808
21716,3,42,0.07142857142857142
21717,36,42,0.8571428571428571
21718,4,42,0.09523809523809523
21719,14,42,0.3333333333333333
21720,37,42,0.8809523809523809
21721,33,42,0.7857142857142857
21723,17,42,0.40476190476190477
21724,13,42,0.30952380952380953
21725,14,42,0.3333333333333333
21726,28,42,0.6666666666666666
21730,11,42,0.2619047619047619
21731,0,42,0.0
21733,0,42,0.0
21735,14,42,0.3333333333333333
21736,39,42,0.9285714285714286
21738,33,42,0.7857142857142857
21741,26,42,0.6190476190476191
21742,10,42,0.23809523809523808
21743,22,42,0.5238095238095238
21745,0,42,0.0
21746,1,42,0.023809523809523808
21747,18,42,0.42857142857142855
21749,5,42,0.11904761904761904
21754,0,42,0.0
21755,0,42,0.0
21756,0,42,0.0
21757,41,42,0.9761904761904762
21758,24,42,0.5714285714285714
21761,37,42,0.8809523809523809
21763,39,42,0.9285714285714286
21773,5,42,0.11904761904761904
21774,2,42,0.047619047619047616
21775,7,42,0.16666666666666666
21781,20,42,0.47619047619047616
21784,26,42,0.6190476190476191
21785,41,42,0.9761904761904762
21786,2,42,0.047619047619047616
21787,3,42,0.07142857142857142
21788,13,42,0.30952380952380953
21789,13,42,0.30952380952380953
21790,0,42,0.0
21791,0,42,0.0
21792,19,42,0.4523809523809524
21793,12,42,0.2857142857142857
21794,9,42,0.21428571428571427
21801,17,42,0.40476190476190477
21802,11,42,0.2619047619047619
21803,13,42,0.30952380952380953
21809,27,42,0.6428571428571429
21810,26,42,0.6190476190476191
21811,6,42,0.14285714285714285
21812,17,42,0.40476190476190477
21814,36,42,0.8571428571428571
21815,34,42,0.8095238095238095
21818,15,42,0.35714285714285715
21819,27,42,0.6428571428571429
21820,16,42,0.38095238095238093
21821,27,42,0.6428571428571429
21823,24,42,0.5714285714285714
21824,28,42,0.6666666666666666
21826,37,42,0.8809523809523809
21828,10,42,0.23809523809523808
21829,5,42,0.11904761904761904
21830,7,42,0.16666666666666666
21832,3,42,0.07142857142857142
21833,5,42,0.11904761904761904
21836,42,42,1.0
21843,0,42,0.0
21844,3,42,0.07142857142857142
21845,10,42,0.23809523809523808
21846,17,42,0.40476190476190477
21847,31,42,0.7380952380952381
21849,24,42,0.5714285714285714
21850,25,42,0.5952380952380952
21851,22,42,0.5238095238095238
21864,4,42,0.09523809523809523
21865,8,42,0.19047619047619047
21866,5,42,0.11904761904761904
21867,5,42,0.11904761904761904
21868,10,42,0.23809523809523808
21870,25,42,0.5952380952380952
21871,0,42,0.0
21872,6,42,0.14285714285714285
21873,7,42,0.16666666666666666
21874,0,42,0.0
21875,3,42,0.07142857142857142
21876,1,42,0.023809523809523808
21877,0,42,0.0
21878,3,42,0.07142857142857142
21879,27,42,0.6428571428571429
21880,0,42,0.0
21881,20,42,0.47619047619047616
21882,17,42,0.40476190476190477
21883,12,42,0.2857142857142857
21884,13,42,0.30952380952380953
21888,0,42,0.0
21889,0,42,0.0
21890,2,42,0.047619047619047616
21891,1,42,0.023809523809523808
21892,1,42,0.023809523809523808
21894,10,42,0.23809523809523808
21896,8,42,0.19047619047619047
21897,40,42,0.9523809523809523
21899,1,42,0.023809523809523808
21900,0,42,0.0
21901,0,42,0.0
21902,0,42,0.0
21903,1,42,0.023809523809523808
21904,31,42,0.7380952380952381
21905,3,42,0.07142857142857142
21906,4,42,0.09523809523809523
21907,0,42,0.0
21908,0,42,0.0
21910,41,42,0.9761904761904762
21911,35,42,0.8333333333333334
21912,0,42,0.0
21913,3,42,0.07142857142857142
21914,1,42,0.023809523809523808
21915,0,42,0.0
21916,0,42,0.0
21917,2,42,0.047619047619047616
21918,0,42,0.0
21922,2,42,0.047619047619047616
21925,9,42,0.21428571428571427
21926,11,42,0.2619047619047619
21927,5,42,0.11904761904761904
21928,0,42,0.0
21929,0,42,0.0
21930,0,42,0.0
21931,0,42,0.0
21932,2,42,0.047619047619047616
21933,0,42,0.0
21934,0,42,0.0
21935,0,42,0.0
21936,1,42,0.023809523809523808
21937,21,42,0.5
21942,18,42,0.42857142857142855
21943,20,42,0.47619047619047616
21944,15,42,0.35714285714285715
21945,20,42,0.47619047619047616
21946,30,42,0.7142857142857143
21947,8,42,0.19047619047619047
21948,3,42,0.07142857142857142
21949,14,42,0.3333333333333333
21955,2,42,0.047619047619047616
21967,1,42,0.023809523809523808
21972,12,42,0.2857142857142857
21973,22,42,0.5238095238095238
21974,0,42,0.0
21975,0,42,0.0
21976,0,42,0.0
21977,0,42,0.0
21980,1,42,0.023809523809523808
21981,0,42,0.0
21982,0,42,0.0
21983,1,42,0.023809523809523808
21984,0,42,0.0
21985,0,42,0.0
21986,1,42,0.023809523809523808
21987,1,42,0.023809523809523808
21988,1,42,0.023809523809523808
21989,1,42,0.023809523809523808
21990,0,42,0.0
21991,4,42,0.09523809523809523
21992,1,42,0.023809523809523808
21993,1,42,0.023809523809523808
22021,35,42,0.8333333333333334
22023,2,42,0.047619047619047616
22024,2,42,0.047619047619047616
22025,5,42,0.11904761904761904
22026,3,42,0.07142857142857142
22027,1,42,0.023809523809523808
22028,3,42,0.07142857142857142
22029,0,42,0.0
22030,7,42,0.16666666666666666
22031,16,42,0.38095238095238093
22032,19,42,0.4523809523809524
22033,30,42,0.7142857142857143
22035,7,42,0.16666666666666666
22037,3,42,0.07142857142857142
22040,22,42,0.5238095238095238
22041,1,42,0.023809523809523808
22042,28,42,0.6666666666666666
22043,25,42,0.5952380952380952
22045,3,42,0.07142857142857142
22046,5,42,0.11904761904761904
22047,7,42,0.16666666666666666
22048,22,42,0.5238095238095238
22050,22,42,0.5238095238095238
22051,18,42,0.42857142857142855
22052,33,42,0.7857142857142857
22053,24,42,0.5714285714285714
22055,3,42,0.07142857142857142
22057,16,42,0.38095238095238093
22059,4,42,0.09523809523809523
22060,32,42,0.7619047619047619
22061,4,42,0.09523809523809523
22062,14,42,0.3333333333333333
22063,5,42,0.11904761904761904
22064,1,42,0.023809523809523808
22065,18,42,0.42857142857142855
22066,5,42,0.11904761904761904
22067,8,42,0.19047619047619047
22068,4,42,0.09523809523809523
22069,8,42,0.19047619047619047
22070,14,42,0.3333333333333333
22071,15,42,0.35714285714285715
22072,6,42,0.14285714285714285
22073,30,42,0.7142857142857143
22074,9,42,0.21428571428571427
22075,19,42,0.4523809523809524
22076,2,42,0.047619047619047616
22077,0,42,0.0
22078,14,42,0.3333333333333333
22079,0,42,0.0
22080,23,42,0.5476190476190477
22081,6,42,0.14285714285714285
22082,0,42,0.0
22083,0,42,0.0
22084,12,42,0.2857142857142857
22085,4,42,0.09523809523809523
22086,7,42,0.16666666666666666
22087,25,42,0.5952380952380952
22088,21,42,0.5
22089,2,42,0.047619047619047616
22090,0,42,0.0
22091,7,42,0.16666666666666666
22094,4,42,0.09523809523809523
22095,16,42,0.38095238095238093
22097,6,42,0.14285714285714285
22098,6,42,0.14285714285714285
22099,6,42,0.14285714285714285
22100,21,42,0.5
22101,15,42,0.35714285714285715
22102,24,42,0.5714285714285714
22103,27,42,0.6428571428571429
22104,15,42,0.35714285714285715
22105,24,42,0.5714285714285714
22106,19,42,0.4523809523809524
22107,11,42,0.2619047619047619
22108,22,42,0.5238095238095238
22109,1,42,0.023809523809523808
22110,7,42,0.16666666666666666
22111,3,42,0.07142857142857142
22112,0,42,0.0
22113,3,42,0.07142857142857142
22114,24,42,0.5714285714285714
22115,2,42,0.047619047619047616
22116,5,42,0.11904761904761904
22117,14,42,0.3333333333333333
22118,19,42,0.4523809523809524
22119,13,42,0.30952380952380953
22120,1,42,0.023809523809523808
22121,18,42,0.42857142857142855
22123,7,42,0.16666666666666666
22124,18,42,0.42857142857142855
22125,40,42,0.9523809523809523
22127,36,42,0.8571428571428571
22128,11,42,0.2619047619047619
22129,13,42,0.30952380952380953
22131,0,42,0.0
22132,4,42,0.09523809523809523
22133,4,42,0.09523809523809523
22134,3,42,0.07142857142857142
22135,3,42,0.07142857142857142
22136,12,42,0.2857142857142857
22137,33,42,0.7857142857142857
22138,0,42,0.0
22139,0,42,0.0
22141,17,42,0.40476190476190477
22144,14,42,0.3333333333333333
22146,42,42,1.0
22147,1,42,0.023809523809523808
22148,21,42,0.5
22149,4,42,0.09523809523809523
22150,1,42,0.023809523809523808
22151,0,42,0.0
22152,14,42,0.3333333333333333
22153,20,42,0.47619047619047616
22154,19,42,0.4523809523809524
22155,17,42,0.40476190476190477
22156,0,42,0.0
22158,9,42,0.21428571428571427
22161,0,42,0.0
22162,24,42,0.5714285714285714
22163,21,42,0.5
22164,37,42,0.8809523809523809
22165,7,42,0.16666666666666666
22166,10,42,0.23809523809523808
22167,6,42,0.14285714285714285
22168,32,42,0.7619047619047619
22169,0,42,0.0
22170,1,42,0.023809523809523808
22171,1,42,0.023809523809523808
22173,6,42,0.14285714285714285
22174,0,42,0.0
22175,4,42,0.09523809523809523
22176,10,42,0.23809523809523808
22178,0,42,0.0
22179,2,42,0.047619047619047616
22180,3,42,0.07142857142857142
22181,18,42,0.42857142857142855
22182,10,42,0.23809523809523808
22183,24,42,0.5714285714285714
22184,42,42,1.0
22185,2,42,0.047619047619047616
22186,23,42,0.5476190476190477
22187,25,42,0.5952380952380952
22188,1,42,0.023809523809523808
22189,0,42,0.0
22190,13,42,0.30952380952380953
22191,0,42,0.0
22192,0,42,0.0
22193,0,42,0.0
22194,24,42,0.5714285714285714
22195,2,42,0.047619047619047616
22196,0,42,0.0
22197,0,42,0.0
22198,40,42,0.9523809523809523
22199,4,42,0.09523809523809523
22200,8,42,0.19047619047619047
22201,16,42,0.38095238095238093
22202,38,42,0.9047619047619048
22203,5,42,0.11904761904761904
22204,18,42,0.42857142857142855
22207,4,42,0.09523809523809523
22208,7,42,0.16666666666666666
22209,6,42,0.14285714285714285
22210,14,42,0.3333333333333333
22211,6,42,0.14285714285714285
22212,0,42,0.0
22214,23,42,0.5476190476190477
22215,8,42,0.19047619047619047
22216,17,42,0.40476190476190477
22217,14,42,0.3333333333333333
22219,0,42,0.0
22220,11,42,0.2619047619047619
22221,14,42,0.3333333333333333
22222,1,42,0.023809523809523808
22223,18,42,0.42857142857142855
22224,2,42,0.047619047619047616
22227,0,42,0.0
22228,13,42,0.30952380952380953
22229,17,42,0.40476190476190477
22230,10,42,0.23809523809523808
22231,8,42,0.19047619047619047
22232,14,42,0.3333333333333333
22233,9,42,0.21428571428571427
22236,11,42,0.2619047619047619
22241,19,42,0.4523809523809524
22242,40,42,0.9523809523809523
22243,9,42,0.21428571428571427
22244,8,42,0.19047619047619047
22245,26,42,0.6190476190476191
22246,15,42,0.35714285714285715
22247,23,42,0.5476190476190477
22248,19,42,0.4523809523809524
22249,21,42,0.5
22250,14,42,0.3333333333333333
22251,13,42,0.30952380952380953
22252,9,42,0.21428571428571427
22254,17,42,0.40476190476190477
22255,16,42,0.38095238095238093
22256,31,42,0.7380952380952381
22257,32,42,0.7619047619047619
22258,26,42,0.6190476190476191
22259,36,42,0.8571428571428571
22260,17,42,0.40476190476190477
22261,19,42,0.4523809523809524
22262,12,42,0.2857142857142857
22263,25,42,0.5952380952380952
22264,25,42,0.5952380952380952
22265,25,42,0.5952380952380952
22266,10,42,0.23809523809523808
22267,14,42,0.3333333333333333
22268,9,42,0.21428571428571427
22269,9,42,0.21428571428571427
22270,23,42,0.5476190476190477
22271,2,42,0.047619047619047616
22272,31,42,0.7380952380952381
22273,0,42,0.0
22274,0,42,0.0
22276,10,42,0.23809523809523808
22277,9,42,0.21428571428571427
22278,2,42,0.047619047619047616
22279,9,42,0.21428571428571427
22280,15,42,0.35714285714285715
22281,28,42,0.6666666666666666
22282,7,42,0.16666666666666666
22283,3,42,0.07142857142857142
22284,12,42,0.2857142857142857
22285,16,42,0.38095238095238093
22286,11,42,0.2619047619047619
22287,17,42,0.40476190476190477
22288,24,42,0.5714285714285714
22289,25,42,0.5952380952380952
22291,14,42,0.3333333333333333
22292,15,42,0.35714285714285715
22293,10,42,0.23809523809523808
22294,1,42,0.023809523809523808
22295,0,42,0.0
22296,1,42,0.023809523809523808
22297,0,42,0.0
22299,17,42,0.40476190476190477
22300,5,42,0.11904761904761904
22301,1,42,0.023809523809523808
22302,0,42,0.0
22303,0,42,0.0
22304,17,42,0.40476190476190477
22305,13,42,0.30952380952380953
22307,29,42,0.6904761904761905
22308,9,42,0.21428571428571427
22309,8,42,0.19047619047619047
22310,16,42,0.38095238095238093
22311,10,42,0.23809523809523808
22312,9,42,0.21428571428571427
22313,21,42,0.5
22314,10,42,0.23809523809523808
22315,5,42,0.11904761904761904
22316,16,42,0.38095238095238093
22317,12,42,0.2857142857142857
22318,5,42,0.11904761904761904
22319,19,42,0.4523809523809524
22320,12,42,0.2857142857142857
22321,6,42,0.14285714285714285
22322,11,42,0.2619047619047619
22323,42,42,1.0
22324,16,42,0.38095238095238093
22325,11,42,0.2619047619047619
22326,0,42,0.0
22327,1,42,0.023809523809523808
22328,0,42,0.0
22329,1,42,0.023809523809523808
22331,1,42,0.023809523809523808
22332,1,42,0.023809523809523808
22333,0,42,0.0
22334,6,42,0.14285714285714285
22335,0,42,0.0
22336,21,42,0.5
22338,25,42,0.5952380952380952
22339,31,42,0.7380952380952381
22340,31,42,0.7380952380952381
22341,9,42,0.21428571428571427
22342,6,42,0.14285714285714285
22343,16,42,0.38095238095238093
22344,24,42,0.5714285714285714
22345,23,42,0.5476190476190477
22346,31,42,0.7380952380952381
22348,0,42,0.0
22349,6,42,0.14285714285714285
22350,7,42,0.16666666666666666
22352,0,42,0.0
22354,8,42,0.19047619047619047
22355,0,42,0.0
22356,0,42,0.0
22357,3,42,0.07142857142857142
22358,0,42,0.0
22359,9,42,0.21428571428571427
22360,3,42,0.07142857142857142
22361,1,42,0.023809523809523808
22362,3,42,0.07142857142857142
22363,7,42,0.16666666666666666
22364,3,42,0.07142857142857142
22365,2,42,0.047619047619047616
22366,1,42,0.023809523809523808
22367,0,42,0.0
22371,1,42,0.023809523809523808
22372,6,42,0.14285714285714285
22374,1,42,0.023809523809523808
22375,1,42,0.023809523809523808
22376,9,42,0.21428571428571427
22377,1,42,0.023809523809523808
22378,2,42,0.047619047619047616
22379,0,42,0.0
22380,0,42,0.0
22381,0,42,0.0
22382,0,42,0.0
22383,0,42,0.0
22384,0,42,0.0
22385,0,42,0.0
22386,0,42,0.0
22389,25,42,0.5952380952380952
22390,26,42,0.6190476190476191
22391,28,42,0.6666666666666666
22393,15,42,0.35714285714285715
22394,32,42,0.7619047619047619
22395,28,42,0.6666666666666666
22396,6,42,0.14285714285714285
22398,5,42,0.11904761904761904
22399,4,42,0.09523809523809523
22400,9,42,0.21428571428571427
22402,4,42,0.09523809523809523
22403,11,42,0.2619047619047619
22405,15,42,0.35714285714285715
22406,14,42,0.3333333333333333
22408,28,42,0.6666666666666666
22409,12,42,0.2857142857142857
22410,16,42,0.38095238095238093
22411,0,42,0.0
22412,5,42,0.11904761904761904
22413,0,42,0.0
22414,8,42,0.19047619047619047
22415,42,42,1.0
22416,9,42,0.21428571428571427
22417,0,42,0.0
22418,0,42,0.0
22419,1,42,0.023809523809523808
22420,7,42,0.16666666666666666
22421,2,42,0.047619047619047616
22422,8,42,0.19047619047619047
22423,0,42,0.0
22424,0,42,0.0
22425,2,42,0.047619047619047616
22426,0,42,0.0
22427,5,42,0.11904761904761904
22428,5,42,0.11904761904761904
22429,0,42,0.0
22430,1,42,0.023809523809523808
22431,0,42,0.0
22432,4,42,0.09523809523809523
22433,3,42,0.07142857142857142
22434,6,42,0.14285714285714285
22435,2,42,0.047619047619047616
22436,1,42,0.023809523809523808
22437,1,42,0.023809523809523808
22438,17,42,0.40476190476190477
22439,2,42,0.047619047619047616
22440,4,42,0.09523809523809523
22441,4,42,0.09523809523809523
22442,21,42,0.5
22443,19,42,0.4523809523809524
22444,33,42,0.7857142857142857
22445,12,42,0.2857142857142857
22446,20,42,0.47619047619047616
22447,28,42,0.6666666666666666
22448,24,42,0.5714285714285714
22449,11,42,0.2619047619047619
22450,25,42,0.5952380952380952
22451,36,42,0.8571428571428571
22452,12,42,0.2857142857142857
22453,22,42,0.5238095238095238
22454,26,42,0.6190476190476191
22456,0,42,0.0
22457,0,42,0.0
22458,36,42,0.8571428571428571
22459,35,42,0.8333333333333334
22460,1,42,0.023809523809523808
22461,26,42,0.6190476190476191
22464,0,42,0.0
22465,3,42,0.07142857142857142
22466,4,42,0.09523809523809523
22467,1,42,0.023809523809523808
22468,5,42,0.11904761904761904
22469,5,42,0.11904761904761904
22470,8,42,0.19047619047619047
22471,18,42,0.42857142857142855
22472,16,42,0.38095238095238093
22473,17,42,0.40476190476190477
22474,13,42,0.30952380952380953
22475,6,42,0.14285714285714285
22476,9,42,0.21428571428571427
22477,6,42,0.14285714285714285
22478,4,42,0.09523809523809523
22479,10,42,0.23809523809523808
22480,19,42,0.4523809523809524
22481,11,42,0.2619047619047619
22482,28,42,0.6666666666666666
22483,1,42,0.023809523809523808
22485,1,42,0.023809523809523808
22486,32,42,0.7619047619047619
22487,0,42,0.0
22488,0,42,0.0
22489,0,42,0.0
22491,0,42,0.0
22492,0,42,0.0
22493,0,42,0.0
22494,0,42,0.0
22495,17,42,0.40476190476190477
22496,12,42,0.2857142857142857
22497,8,42,0.19047619047619047
22498,4,42,0.09523809523809523
22499,0,42,0.0
22500,10,42,0.23809523809523808
22501,4,42,0.09523809523809523
22502,10,42,0.23809523809523808
22503,28,42,0.6666666666666666
22504,23,42,0.5476190476190477
22505,0,42,0.0
22507,0,42,0.0
22508,1,42,0.023809523809523808
22509,16,42,0.38095238095238093
22510,30,42,0.7142857142857143
22511,31,42,0.7380952380952381
22512,30,42,0.7142857142857143
22513,20,42,0.47619047619047616
22514,9,42,0.21428571428571427
22515,13,42,0.30952380952380953
22516,22,42,0.5238095238095238
22517,14,42,0.3333333333333333
22518,28,42,0.6666666666666666
22519,24,42,0.5714285714285714
22520,27,42,0.6428571428571429
22521,29,42,0.6904761904761905
22522,11,42,0.2619047619047619
22523,9,42,0.21428571428571427
22524,26,42,0.6190476190476191
22525,31,42,0.7380952380952381
22526,8,42,0.19047619047619047
22529,16,42,0.38095238095238093
22530,1,42,0.023809523809523808
22531,1,42,0.023809523809523808
22532,15,42,0.35714285714285715
22533,14,42,0.3333333333333333
22534,0,42,0.0
22535,3,42,0.07142857142857142
22536,3,42,0.07142857142857142
22537,2,42,0.047619047619047616
22539,4,42,0.09523809523809523
22540,8,42,0.19047619047619047
22541,20,42,0.47619047619047616
22543,18,42,0.42857142857142855
22544,2,42,0.047619047619047616
22545,7,42,0.16666666666666666
22546,14,42,0.3333333333333333
22547,9,42,0.21428571428571427
22548,2,42,0.047619047619047616
22549,0,42,0.0
22550,2,42,0.047619047619047616
22551,0,42,0.0
22553,0,42,0.0
22554,0,42,0.0
22555,0,42,0.0
22556,0,42,0.0
22557,0,42,0.0
22558,0,42,0.0
22559,9,42,0.21428571428571427
22560,0,42,0.0
22561,0,42,0.0
22562,3,42,0.07142857142857142
22563,1,42,0.023809523809523808
22564,3,42,0.07142857142857142
22565,6,42,0.14285714285714285
22566,8,42,0.19047619047619047
22567,9,42,0.21428571428571427
22568,0,42,0.0
22569,4,42,0.09523809523809523
22570,4,42,0.09523809523809523
22571,20,42,0.47619047619047616
22572,20,42,0.47619047619047616
22573,20,42,0.47619047619047616
22574,19,42,0.4523809523809524
22575,23,42,0.5476190476190477
22576,22,42,0.5238095238095238
22577,8,42,0.19047619047619047
22578,24,42,0.5714285714285714
22579,24,42,0.5714285714285714
22581,25,42,0.5952380952380952
22582,9,42,0.21428571428571427
22583,5,42,0.11904761904761904
22584,2,42,0.047619047619047616
22585,0,42,0.0
22586,8,42,0.19047619047619047
22587,10,42,0.23809523809523808
22588,18,42,0.42857142857142855
22589,29,42,0.6904761904761905
22592,25,42,0.5952380952380952
22593,21,42,0.5
22594,21,42,0.5
22595,0,42,0.0
22597,13,42,0.30952380952380953
22600,18,42,0.42857142857142855
22601,20,42,0.47619047619047616
22602,0,42,0.0
22603,23,42,0.5476190476190477
22604,10,42,0.23809523809523808
22605,1,42,0.023809523809523808
22606,6,42,0.14285714285714285
22607,1,42,0.023809523809523808
22608,12,42,0.2857142857142857
22609,14,42,0.3333333333333333
22610,6,42,0.14285714285714285
22611,23,42,0.5476190476190477
22613,2,42,0.047619047619047616
22614,4,42,0.09523809523809523
22615,4,42,0.09523809523809523
22616,0,42,0.0
22617,0,42,0.0
22618,37,42,0.8809523809523809
22619,0,42,0.0
22620,0,42,0.0
22621,0,42,0.0
22622,0,42,0.0
22623,1,42,0.023809523809523808
22624,4,42,0.09523809523809523
22625,5,42,0.11904761904761904
22626,1,42,0.023809523809523808
22627,10,42,0.23809523809523808
22628,0,42,0.0
22629,0,42,0.0
22630,0,42,0.0
22631,0,42,0.0
22634,0,42,0.0
22635,3,42,0.07142857142857142
22636,3,42,0.07142857142857142
22637,0,42,0.0
22638,26,42,0.6190476190476191
22639,4,42,0.09523809523809523
22640,17,42,0.40476190476190477
22641,27,42,0.6428571428571429
22643,26,42,0.6190476190476191
22644,1,42,0.023809523809523808
22645,0,42,0.0
22646,0,42,0.0
22647,27,42,0.6428571428571429
22649,1,42,0.023809523809523808
22650,3,42,0.07142857142857142
22651,6,42,0.14285714285714285
22652,1,42,0.023809523809523808
22653,2,42,0.047619047619047616
22654,0,42,0.0
22655,27,42,0.6428571428571429
22656,29,42,0.6904761904761905
22659,0,42,0.0
22660,7,42,0.16666666666666666
22661,0,42,0.0
22662,0,42,0.0
22663,0,42,0.0
22664,2,42,0.047619047619047616
22665,0,42,0.0
22666,0,42,0.0
22667,7,42,0.16666666666666666
22668,0,42,0.0
22669,1,42,0.023809523809523808
22670,0,42,0.0
22671,3,42,0.07142857142857142
22672,0,42,0.0
22673,4,42,0.09523809523809523
22674,1,42,0.023809523809523808
22675,1,42,0.023809523809523808
22676,0,42,0.0
22677,1,42,0.023809523809523808
22678,3,42,0.07142857142857142
22679,3,42,0.07142857142857142
22680,2,42,0.047619047619047616
22681,2,42,0.047619047619047616
22682,4,42,0.09523809523809523
22683,1,42,0.023809523809523808
22684,4,42,0.09523809523809523
22685,6,42,0.14285714285714285
22686,2,42,0.047619047619047616
22688,31,42,0.7380952380952381
22689,20,42,0.47619047619047616
22690,0,42,0.0
22692,0,42,0.0
22693,0,42,0.0
22694,4,42,0.09523809523809523
22695,16,42,0.38095238095238093
22696,11,42,0.2619047619047619
22697,0,42,0.0
22699,0,42,0.0
22700,26,42,0.6190476190476191
22701,12,42,0.2857142857142857
22702,20,42,0.47619047619047616
22703,13,42,0.30952380952380953
22704,0,42,0.0
22705,12,42,0.2857142857142857
22706,16,42,0.38095238095238093
22707,15,42,0.35714285714285715
22708,7,42,0.16666666666666666
22709,14,42,0.3333333333333333
22710,6,42,0.14285714285714285
22711,8,42,0.19047619047619047
22713,0,42,0.0
22714,1,42,0.023809523809523808
22715,7,42,0.16666666666666666
22716,1,42,0.023809523809523808
22717,2,42,0.047619047619047616
22718,1,42,0.023809523809523808
22719,29,42,0.6904761904761905
22720,1,42,0.023809523809523808
22721,1,42,0.023809523809523808
22722,9,42,0.21428571428571427
22723,0,42,0.0
22725,0,42,0.0
22726,4,42,0.09523809523809523
22727,0,42,0.0
22728,0,42,0.0
22729,0,42,0.0
22730,0,42,0.0
22731,24,42,0.5714285714285714
22732,20,42,0.47619047619047616
22734,20,42,0.47619047619047616
22735,24,42,0.5714285714285714
22736,17,42,0.40476190476190477
22737,16,42,0.38095238095238093
22738,18,42,0.42857142857142855
22739,15,42,0.35714285714285715
22740,16,42,0.38095238095238093
22741,1,42,0.023809523809523808
22742,8,42,0.19047619047619047
22743,5,42,0.11904761904761904
22744,4,42,0.09523809523809523
22745,0,42,0.0
22746,0,42,0.0
22747,0,42,0.0
22748,0,42,0.0
22749,1,42,0.023809523809523808
22750,2,42,0.047619047619047616
22751,1,42,0.023809523809523808
22752,1,42,0.023809523809523808
22753,5,42,0.11904761904761904
22754,3,42,0.07142857142857142
22755,2,42,0.047619047619047616
22756,10,42,0.23809523809523808
22757,5,42,0.11904761904761904
22758,6,42,0.14285714285714285
22759,0,42,0.0
22760,17,42,0.40476190476190477
22761,28,42,0.6666666666666666
22762,8,42,0.19047619047619047
22763,5,42,0.11904761904761904
22764,40,42,0.9523809523809523
22766,0,42,0.0
22767,1,42,0.023809523809523808
22768,0,42,0.0
22769,42,42,1.0
22770,13,42,0.30952380952380953
22771,0,42,0.0
22772,0,42,0.0
22773,3,42,0.07142857142857142
22774,5,42,0.11904761904761904
22775,0,42,0.0
22776,0,42,0.0
22777,34,42,0.8095238095238095
22778,4,42,0.09523809523809523
22779,5,42,0.11904761904761904
22780,7,42,0.16666666666666666
22781,0,42,0.0
22782,17,42,0.40476190476190477
22783,34,42,0.8095238095238095
22784,2,42,0.047619047619047616
22785,20,42,0.47619047619047616
22786,22,42,0.5238095238095238
22788,26,42,0.6190476190476191
22789,7,42,0.16666666666666666
22791,6,42,0.14285714285714285
22792,4,42,0.09523809523809523
22794,0,42,0.0
22795,12,42,0.2857142857142857
22796,0,42,0.0
22797,11,42,0.2619047619047619
22798,0,42,0.0
22799,9,42,0.21428571428571427
22800,2,42,0.047619047619047616
22801,1,42,0.023809523809523808
22802,27,42,0.6428571428571429
22803,30,42,0.7142857142857143
22804,0,42,0.0
22805,0,42,0.0
22806,22,42,0.5238095238095238
22807,4,42,0.09523809523809523
22808,29,42,0.6904761904761905
22810,21,42,0.5
22811,13,42,0.30952380952380953
22812,23,42,0.5476190476190477
22813,0,42,0.0
22814,2,42,0.047619047619047616
22815,2,42,0.047619047619047616
22816,22,42,0.5238095238095238
22817,1,42,0.023809523809523808
22818,20,42,0.47619047619047616
22819,1,42,0.023809523809523808
22820,13,42,0.30952380952380953
22821,4,42,0.09523809523809523
22822,6,42,0.14285714285714285
22823,32,42,0.7619047619047619
22824,18,42,0.42857142857142855
22825,24,42,0.5714285714285714
22827,27,42,0.6428571428571429
22829,8,42,0.19047619047619047
22830,42,42,1.0
22831,6,42,0.14285714285714285
22832,12,42,0.2857142857142857
22833,42,42,1.0
22834,17,42,0.40476190476190477
22835,1,42,0.023809523809523808
22837,27,42,0.6428571428571429
22838,10,42,0.23809523809523808
22839,0,42,0.0
22840,1,42,0.023809523809523808
22841,0,42,0.0
22842,2,42,0.047619047619047616
22843,5,42,0.11904761904761904
22844,0,42,0.0
22845,0,42,0.0
22846,3,42,0.07142857142857142
22847,9,42,0.21428571428571427
22848,4,42,0.09523809523809523
22849,16,42,0.38095238095238093
22851,0,42,0.0
22852,3,42,0.07142857142857142
22853,5,42,0.11904761904761904
22854,15,42,0.35714285714285715
22855,15,42,0.35714285714285715
22856,29,42,0.6904761904761905
22857,30,42,0.7142857142857143
22858,29,42,0.6904761904761905
22859,22,42,0.5238095238095238
22860,29,42,0.6904761904761905
22861,31,42,0.7380952380952381
22862,42,42,1.0
22863,8,42,0.19047619047619047
22865,15,42,0.35714285714285715
22866,24,42,0.5714285714285714
22867,22,42,0.5238095238095238
22869,16,42,0.38095238095238093
22870,18,42,0.42857142857142855
22872,24,42,0.5714285714285714
22873,24,42,0.5714285714285714
22875,28,42,0.6666666666666666
22876,30,42,0.7142857142857143
22877,29,42,0.6904761904761905
22878,18,42,0.42857142857142855
22879,30,42,0.7142857142857143
22880,25,42,0.5952380952380952
22881,20,42,0.47619047619047616
22882,20,42,0.47619047619047616
22883,23,42,0.5476190476190477
22884,18,42,0.42857142857142855
22885,25,42,0.5952380952380952
22886,25,42,0.5952380952380952
22887,25,42,0.5952380952380952
22888,27,42,0.6428571428571429
22889,23,42,0.5476190476190477
22890,2,42,0.047619047619047616
22891,5,42,0.11904761904761904
22892,1,42,0.023809523809523808
22893,5,42,0.11904761904761904
22894,7,42,0.16666666666666666
22895,0,42,0.0
22896,0,42,0.0
22897,0,42,0.0
22898,0,42,0.0
22899,0,42,0.0
22900,0,42,0.0
22902,4,42,0.09523809523809523
22903,21,42,0.5
22904,2,42,0.047619047619047616
22905,12,42,0.2857142857142857
22906,2,42,0.047619047619047616
22907,0,42,0.0
22908,0,42,0.0
22909,12,42,0.2857142857142857
22910,14,42,0.3333333333333333
22911,8,42,0.19047619047619047
22912,7,42,0.16666666666666666
22913,8,42,0.19047619047619047
22914,4,42,0.09523809523809523
22915,6,42,0.14285714285714285
22916,0,42,0.0
22917,0,42,0.0
22918,1,42,0.023809523809523808
22919,2,42,0.047619047619047616
22920,4,42,0.09523809523809523
22921,3,42,0.07142857142857142
22922,12,42,0.2857142857142857
22923,14,42,0.3333333333333333
22924,10,42,0.23809523809523808
22925,6,42,0.14285714285714285
22926,28,42,0.6666666666666666
22927,12,42,0.2857142857142857
22928,8,42,0.19047619047619047
22929,36,42,0.8571428571428571
22930,3,42,0.07142857142857142
22931,10,42,0.23809523809523808
22932,12,42,0.2857142857142857
22933,25,42,0.5952380952380952
22934,25,42,0.5952380952380952
22935,16,42,0.38095238095238093
22936,21,42,0.5
22937,10,42,0.23809523809523808
22938,2,42,0.047619047619047616
22939,5,42,0.11904761904761904
22940,13,42,0.30952380952380953
22941,24,42,0.5714285714285714
22943,16,42,0.38095238095238093
22944,29,42,0.6904761904761905
22945,17,42,0.40476190476190477
22946,17,42,0.40476190476190477
22947,25,42,0.5952380952380952
22948,6,42,0.14285714285714285
22949,7,42,0.16666666666666666
22951,0,42,0.0
22952,11,42,0.2619047619047619
22953,9,42,0.21428571428571427
22954,17,42,0.40476190476190477
22955,6,42,0.14285714285714285
22956,1,42,0.023809523809523808
22957,29,42,0.6904761904761905
22960,0,42,0.0
22961,0,42,0.0
22962,1,42,0.023809523809523808
22963,0,42,0.0
22964,0,42,0.0
22965,0,42,0.0
22966,4,42,0.09523809523809523
22967,28,42,0.6666666666666666
22968,8,42,0.19047619047619047
22969,0,42,0.0
22970,1,42,0.023809523809523808
22971,1,42,0.023809523809523808
22972,4,42,0.09523809523809523
22973,3,42,0.07142857142857142
22974,4,42,0.09523809523809523
22975,5,42,0.11904761904761904
22976,5,42,0.11904761904761904
22977,10,42,0.23809523809523808
22983,0,42,0.0
22984,2,42,0.047619047619047616
22985,4,42,0.09523809523809523
22986,1,42,0.023809523809523808
22988,8,42,0.19047619047619047
23166,13,42,0.30952380952380953
23230,1,42,0.023809523809523808
23231,0,42,0.0
23232,2,42,0.047619047619047616
23233,0,42,0.0
35001G,27,42,0.6428571428571429
35004B,8,42,0.19047619047619047
35004C,38,42,0.9047619047619048
35095A,11,42,0.2619047619047619
35095B,12,42,0.2857142857142857
35241,30,42,0.7142857142857143
35265,33,42,0.7857142857142857
35471D,4,42,0.09523809523809523
35598D,25,42,0.5952380952380952
35607A,42,42,1.0
35637C,35,42,0.8333333333333334
35646,18,42,0.42857142857142855
35647,41,42,0.9761904761904762
35648,9,42,0.21428571428571427
35651,26,42,0.6190476190476191
35653,30,42,0.7142857142857143
35809A,25,42,0.5952380952380952
35809a,37,42,0.8809523809523809
35810A,12,42,0.2857142857142857
35810B,33,42,0.7857142857142857
35833P,34,42,0.8095238095238095
35909A,40,42,0.9523809523809523
35910A,39,42,0.9285714285714286
35911A,18,42,0.42857142857142855
35911B,38,42,0.9047619047619048
35912B,29,42,0.6904761904761905
35913B,34,42,0.8095238095238095
35914,33,42,0.7857142857142857
35915B,33,42,0.7857142857142857
35915C,32,42,0.7619047619047619
35916B,29,42,0.6904761904761905
35916C,30,42,0.7142857142857143
35920,34,42,0.8095238095238095
35921,32,42,0.7619047619047619
35922,37,42,0.8809523809523809
35923,19,42,0.4523809523809524
35924,18,42,0.42857142857142855
35954,27,42,0.6428571428571429
35957,42,42,1.0
35961,1,42,0.023809523809523808
35964,27,42,0.6428571428571429
35965,18,42,0.42857142857142855
35967,23,42,0.5476190476190477
35970,5,42,0.11904761904761904
35971,11,42,0.2619047619047619
35972,30,42,0.7142857142857143
37327,15,42,0.35714285714285715
37333,33,42,0.7857142857142857
37340,4,42,0.09523809523809523
37342,17,42,0.40476190476190477
37343,41,42,0.9761904761904762
37351,41,42,0.9761904761904762
37370,17,42,0.40476190476190477
37379A,42,42,1.0
37444A,33,42,0.7857142857142857
37444C,39,42,0.9285714285714286
37446,0,42,0.0
37447,4,42,0.09523809523809523
37448,1,42,0.023809523809523808
37449,4,42,0.09523809523809523
37450,5,42,0.11904761904761904
37462E,37,42,0.8809523809523809
37467,31,42,0.7380952380952381
37468,32,42,0.7619047619047619
37475,23,42,0.5476190476190477
37476,27,42,0.6428571428571429
37479B,28,42,0.6666666666666666
37479P,21,42,0.5
37482P,36,42,0.8571428571428571
37489B,32,42,0.7619047619047619
37489C,36,42,0.8571428571428571
37495,8,42,0.19047619047619047
37500,10,42,0.23809523809523808
37501,24,42,0.5714285714285714
40001,18,42,0.42857142857142855
40003,35,42,0.8333333333333334
40016,13,42,0.30952380952380953
40046A,37,42,0.8809523809523809
44091A,41,42,0.9761904761904762
44234,26,42,0.6190476190476191
44235,35,42,0.8333333333333334
46000M,5,42,0.11904761904761904
46000P,40,42,0.9523809523809523
46000R,22,42,0.5238095238095238
46000S,2,42,0.047619047619047616
46000U,24,42,0.5714285714285714
46118,25,42,0.5952380952380952
46775D,20,42,0.47619047619047616
46776A,14,42,0.3333333333333333
46776B,14,42,0.3333333333333333
46776C,21,42,0.5
46776D,24,42,0.5714285714285714
46776E,24,42,0.5714285714285714
46776F,11,42,0.2619047619047619
47021G,32,42,0.7619047619047619
47310M,12,42,0.2857142857142857
47351B,36,42,0.8571428571428571
47367B,19,42,0.4523809523809524
47421,11,42,0.2619047619047619
47422,15,42,0.35714285714285715
47469,34,42,0.8095238095238095
47471,21,42,0.5
47480,12,42,0.2857142857142857
47481,28,42,0.6666666666666666
47503A,6,42,0.14285714285714285
47503H,22,42,0.5238095238095238
47504H,16,42,0.38095238095238093
47504K,5,42,0.11904761904761904
47518F,23,42,0.5476190476190477
47518f,39,42,0.9285714285714286
47556B,41,42,0.9761904761904762
47559B,1,42,0.023809523809523808
47559b,30,42,0.7142857142857143
47563A,14,42,0.3333333333333333
47566,0,42,0.0
47566B,2,42,0.047619047619047616
47566b,18,42,0.42857142857142855
47567B,7,42,0.16666666666666666
47570B,36,42,0.8571428571428571
47570b,42,42,1.0
47574A,12,42,0.2857142857142857
47578A,17,42,0.40476190476190477
47580,11,42,0.2619047619047619
47585A,15,42,0.35714285714285715
47586A,37,42,0.8809523809523809
47589,40,42,0.9523809523809523
47590A,0,42,0.0
47590B,0,42,0.0
47590b,36,42,0.8571428571428571
47591B,42,42,1.0
47591D,0,42,0.0
47593A,37,42,0.8809523809523809
47593B,2,42,0.047619047619047616
47594A,26,42,0.6190476190476191
47594B,26,42,0.6190476190476191
47599A,0,42,0.0
47599B,2,42,0.047619047619047616
48111,2,42,0.047619047619047616
48116,6,42,0.14285714285714285
48129,2,42,0.047619047619047616
48138,0,42,0.0
48173C,3,42,0.07142857142857142
48173c,40,42,0.9523809523809523
48184,0,42,0.0
48185,0,42,0.0
48187,0,42,0.0
48188,1,42,0.023809523809523808
48189,34,42,0.8095238095238095
48194,0,42,0.0
51008,34,42,0.8095238095238095
51014A,6,42,0.14285714285714285
51014C,4,42,0.09523809523809523
51014L,7,42,0.16666666666666666
51020A,33,42,0.7857142857142857
51020B,37,42,0.8809523809523809
62018,13,42,0.30952380952380953
62074B,39,42,0.9285714285714286
62086A,34,42,0.8095238095238095
62094B,42,42,1.0
62096A,40,42,0.9523809523809523
70006,27,42,0.6428571428571429
70007,26,42,0.6190476190476191
71038,16,42,0.38095238095238093
71053,0,42,0.0
71101E,24,42,0.5714285714285714
71143,32,42,0.7619047619047619
71270,15,42,0.35714285714285715
71279,23,42,0.5476190476190477
71403,23,42,0.5476190476190477
71406C,27,42,0.6428571428571429
71459,0,42,0.0
71477,9,42,0.21428571428571427
71495B,36,42,0.8571428571428571
71496A,34,42,0.8095238095238095
71496B,40,42,0.9523809523809523
72051S,38,42,0.9047619047619048
72122,18,42,0.42857142857142855
72127,29,42,0.6904761904761905
72128,22,42,0.5238095238095238
72130,27,42,0.6428571428571429
72132,36,42,0.8571428571428571
72133,34,42,0.8095238095238095
72134,34,42,0.8095238095238095
72225C,30,42,0.7142857142857143
72232,18,42,0.42857142857142855
72349B,9,42,0.21428571428571427
72349b,18,42,0.42857142857142855
72351A,3,42,0.07142857142857142
72351B,2,42,0.047619047619047616
72351a,35,42,0.8333333333333334
72369A,39,42,0.9285714285714286
72586,16,42,0.38095238095238093
72598,14,42,0.3333333333333333
72741,1,42,0.023809523809523808
72760B,1,42,0.023809523809523808
72780,32,42,0.7619047619047619
72798C,42,42,1.0
72799C,37,42,0.8809523809523809
72799E,20,42,0.47619047619047616
72799F,26,42,0.6190476190476191
72800B,25,42,0.5952380952380952
72800C,26,42,0.6190476190476191
72800D,22,42,0.5238095238095238
72800E,4,42,0.09523809523809523
72801C,33,42,0.7857142857142857
72801D,33,42,0.7857142857142857
72801G,33,42,0.7857142857142857
72801c,29,42,0.6904761904761905
72801d,21,42,0.5
72802A,15,42,0.35714285714285715
72802B,16,42,0.38095238095238093
72802C,9,42,0.21428571428571427
72803A,22,42,0.5238095238095238
72807A,10,42,0.23809523809523808
72807B,7,42,0.16666666666666666
72807C,6,42,0.14285714285714285
72807a,39,42,0.9285714285714286
72815,42,42,1.0
72816,28,42,0.6666666666666666
72817,23,42,0.5476190476190477
72818,29,42,0.6904761904761905
72819,25,42,0.5952380952380952
72821,41,42,0.9761904761904762
75013B,42,42,1.0
75049L,2,42,0.047619047619047616
75131,35,42,0.8333333333333334
77101A,35,42,0.8333333333333334
79000,14,42,0.3333333333333333
79030D,20,42,0.47619047619047616
79030G,30,42,0.7142857142857143
79066K,5,42,0.11904761904761904
79071B,35,42,0.8333333333333334
79144B,17,42,0.40476190476190477
79144C,21,42,0.5
79160,24,42,0.5714285714285714
79190A,12,42,0.2857142857142857
79190B,16,42,0.38095238095238093
79190D,17,42,0.40476190476190477
79191B,28,42,0.6666666666666666
79191C,14,42,0.3333333333333333
79191D,34,42,0.8095238095238095
79192A,42,42,1.0
79302M,14,42,0.3333333333333333
79321,0,42,0.0
79323P,42,42,1.0
79337,34,42,0.8095238095238095
81950V,39,42,0.9285714285714286
82001S,10,42,0.23809523809523808
82482,0,42,0.0
82483,5,42,0.11904761904761904
82484,0,42,0.0
82486,0,42,0.0
82494L,4,42,0.09523809523809523
82494l,23,42,0.5476190476190477
82551,0,42,0.0
82552,0,42,0.0
82567,0,42,0.0
82578,1,42,0.023809523809523808
82580,0,42,0.0
82581,0,42,0.0
82582,0,42,0.0
82583,0,42,0.0
82599,29,42,0.6904761904761905
82600,6,42,0.14285714285714285
82613A,31,42,0.7380952380952381
82613B,8,42,0.19047619047619047
82613C,11,42,0.2619047619047619
82613D,13,42,0.30952380952380953
82616B,22,42,0.5238095238095238
82616C,21,42,0.5
84006,13,42,0.30952380952380953
84012,19,42,0.4523809523809524
84029E,5,42,0.11904761904761904
84029G,1,42,0.023809523809523808
84030E,5,42,0.11904761904761904
84030e,29,42,0.6904761904761905
84031A,13,42,0.30952380952380953
84031B,9,42,0.21428571428571427
84032A,5,42,0.11904761904761904
84032B,10,42,0.23809523809523808
84033,36,42,0.8571428571428571
84050,6,42,0.14285714285714285
84051,26,42,0.6190476190476191
84077,0,42,0.0
84078A,2,42,0.047619047619047616
84086C,28,42,0.6666666666666666
84199,29,42,0.6904761904761905
84212,6,42,0.14285714285714285
84218,35,42,0.8333333333333334
84226,34,42,0.8095238095238095
84228,34,42,0.8095238095238095
84231,32,42,0.7619047619047619
84247G,31,42,0.7380952380952381
84247K,35,42,0.8333333333333334
84247L,39,42,0.9285714285714286
84247N,30,42,0.7142857142857143
84249A,25,42,0.5952380952380952
84251B,25,42,0.5952380952380952
84251C,34,42,0.8095238095238095
84251G,27,42,0.6428571428571429
84279P,3,42,0.07142857142857142
84313B,38,42,0.9047619047619048
84313C,31,42,0.7380952380952381
84347,8,42,0.19047619047619047
84352,34,42,0.8095238095238095
84356,15,42,0.35714285714285715
84375,0,42,0.0
84378,0,42,0.0
84380,0,42,0.0
84406B,1,42,0.023809523809523808
84415B,41,42,0.9761904761904762
84429A,29,42,0.6904761904761905
84457,32,42,0.7619047619047619
84459A,15,42,0.35714285714285715
84459B,34,42,0.8095238095238095
84461,35,42,0.8333333333333334
84462,38,42,0.9047619047619048
84465,38,42,0.9047619047619048
84497,39,42,0.9285714285714286
84499,42,42,1.0
84507B,26,42,0.6190476190476191
84507C,25,42,0.5952380952380952
84508A,19,42,0.4523809523809524
84508B,23,42,0.5476190476190477
84508C,23,42,0.5476190476190477
84509A,0,42,0.0
84509B,11,42,0.2619047619047619
84509C,21,42,0.5
84509E,33,42,0.7857142857142857
84509G,22,42,0.5238095238095238
84510A,1,42,0.023809523809523808
84510C,18,42,0.42857142857142855
84510E,32,42,0.7619047619047619
84510a,25,42,0.5952380952380952
84519A,9,42,0.21428571428571427
84519B,6,42,0.14285714285714285
84520B,38,42,0.9047619047619048
84527,36,42,0.8571428571428571
84534B,42,42,1.0
84535B,3,42,0.07142857142857142
84536A,1,42,0.023809523809523808
84536B,1,42,0.023809523809523808
84558A,13,42,0.30952380952380953
84559A,11,42,0.2619047619047619
84559B,20,42,0.47619047619047616
84559a,35,42,0.8333333333333334
84559b,34,42,0.8095238095238095
84563A,34,42,0.8095238095238095
84563B,29,42,0.6904761904761905
84568,6,42,0.14285714285714285
84569A,16,42,0.38095238095238093
84569B,37,42,0.8809523809523809
84569D,11,42,0.2619047619047619
84580,6,42,0.14285714285714285
84581,13,42,0.30952380952380953
84584,28,42,0.6666666666666666
84592,26,42,0.6190476190476191
84596B,0,42,0.0
84596E,35,42,0.8333333333333334
84596F,0,42,0.0
84596G,1,42,0.023809523809523808
84596J,26,42,0.6190476190476191
84596L,11,42,0.2619047619047619
84597C,34,42,0.8095238095238095
84598,10,42,0.23809523809523808
84600,28,42,0.6666666666666666
84613A,42,42,1.0
84617,40,42,0.9523809523809523
84625A,27,42,0.6428571428571429
84625C,29,42,0.6904761904761905
84631,35,42,0.8333333333333334
84632,38,42,0.9047619047619048
84637,15,42,0.35714285714285715
84638,25,42,0.5952380952380952
84658,30,42,0.7142857142857143
84659A,21,42,0.5
84660A,27,42,0.6428571428571429
84660B,27,42,0.6428571428571429
84660C,29,42,0.6904761904761905
84660c,32,42,0.7619047619047619
84661A,33,42,0.7857142857142857
84661B,33,42,0.7857142857142857
84661C,36,42,0.8571428571428571
84663A,24,42,0.5714285714285714
84673A,24,42,0.5714285714285714
84673B,13,42,0.30952380952380953
84674,15,42,0.35714285714285715
84675,42,42,1.0
84678,37,42,0.8809523809523809
84685,39,42,0.9285714285714286
84688,37,42,0.8809523809523809
84692,0,42,0.0
84707A,25,42,0.5952380952380952
84707B,36,42,0.8571428571428571
84709B,38,42,0.9047619047619048
84711A,36,42,0.8571428571428571
84711B,35,42,0.8333333333333334
84715,40,42,0.9523809523809523
84741C,35,42,0.8333333333333334
84744,33,42,0.7857142857142857
84745A,39,42,0.9285714285714286
84745B,39,42,0.9285714285714286
84748,30,42,0.7142857142857143
84750B,37,42,0.8809523809523809
84754,27,42,0.6428571428571429
84755,0,42,0.0
84760S,38,42,0.9047619047619048
84763,27,42,0.6428571428571429
84766,36,42,0.8571428571428571
84789,28,42,0.6666666666666666
84792,0,42,0.0
84795B,19,42,0.4523809523809524
84795C,42,42,1.0
84796B,14,42,0.3333333333333333
84799,39,42,0.9285714285714286
84800L,31,42,0.7380952380952381
84800M,36,42,0.8571428571428571
84800S,36,42,0.8571428571428571
84801A,38,42,0.9047619047619048
84804A,37,42,0.8809523809523809
84806A,37,42,0.8809523809523809
84806B,26,42,0.6190476190476191
84813,30,42,0.7142857142857143
84816,35,42,0.8333333333333334
84817,19,42,0.4523809523809524
84818,13,42,0.30952380952380953
84819,29,42,0.6904761904761905
84820,28,42,0.6666666666666666
84821,23,42,0.5476190476190477
84823,41,42,0.9761904761904762
84826,30,42,0.7142857142857143
84827,38,42,0.9047619047619048
84828,6,42,0.14285714285714285
84832,0,42,0.0
84836,0,42,0.0
84843,15,42,0.35714285714285715
84846A,38,42,0.9047619047619048
84847,33,42,0.7857142857142857
84849A,16,42,0.38095238095238093
84849B,24,42,0.5714285714285714
84849D,8,42,0.19047619047619047
84870B,35,42,0.8333333333333334
84870C,36,42,0.8571428571428571
84872a,38,42,0.9047619047619048
84874B,32,42,0.7619047619047619
84875B,29,42,0.6904761904761905
84876D,32,42,0.7619047619047619
84879,0,42,0.0
84880,10,42,0.23809523809523808
84881,40,42,0.9523809523809523
84882,31,42,0.7380952380952381
84884A,13,42,0.30952380952380953
84884a,29,42,0.6904761904761905
84898F,36,42,0.8571428571428571
84905,33,42,0.7857142857142857
84906,36,42,0.8571428571428571
84907,28,42,0.6666666666666666
84912A,18,42,0.42857142857142855
84912B,7,42,0.16666666666666666
84913A,16,42,0.38095238095238093
84913B,20,42,0.47619047619047616
84915,35,42,0.8333333333333334
84916,36,42,0.8571428571428571
84917,36,42,0.8571428571428571
84919,23,42,0.5476190476190477
84920,23,42,0.5476190476190477
84923,14,42,0.3333333333333333
84924A,24,42,0.5714285714285714
84925F,32,42,0.7619047619047619
84926D,24,42,0.5714285714285714
84926E,23,42,0.5476190476190477
84926F,26,42,0.6190476190476191
84927A,31,42,0.7380952380952381
84927D,35,42,0.8333333333333334
84927E,36,42,0.8571428571428571
84927F,19,42,0.4523809523809524
84929,13,42,0.30952380952380953
84931A,23,42,0.5476190476190477
84931B,23,42,0.5476190476190477
84945,0,42,0.0
84946,0,42,0.0
84947,0,42,0.0
84949,1,42,0.023809523809523808
84950,9,42,0.21428571428571427
84951A,13,42,0.30952380952380953
84951B,17,42,0.40476190476190477
84952A,35,42,0.8333333333333334
84952B,33,42,0.7857142857142857
84952C,39,42,0.9285714285714286
84968A,9,42,0.21428571428571427
84968C,13,42,0.30952380952380953
84968D,27,42,0.6428571428571429
84968E,26,42,0.6190476190476191
84968F,21,42,0.5
84969,4,42,0.09523809523809523
84970L,0,42,0.0
84970S,0,42,0.0
84970l,23,42,0.5476190476190477
84970s,19,42,0.4523809523809524
84971S,0,42,0.0
84974,22,42,0.5238095238095238
84976,26,42,0.6190476190476191
84978,0,42,0.0
84985A,38,42,0.9047619047619048
84987,0,42,0.0
84988,0,42,0.0
84989A,32,42,0.7619047619047619
84989a,22,42,0.5238095238095238
84991,0,42,0.0
84992,0,42,0.0
84993A,17,42,0.40476190476190477
84993B,34,42,0.8095238095238095
84997A,1,42,0.023809523809523808
84997B,0,42,0.0
84997C,2,42,0.047619047619047616
84997D,0,42,0.0
84997a,10,42,0.23809523809523808
84997b,10,42,0.23809523809523808
84997c,10,42,0.23809523809523808
84997d,4,42,0.09523809523809523
85006,39,42,0.9285714285714286
85014A,2,42,0.047619047619047616
85014B,0,42,0.0
85015,2,42,0.047619047619047616
85016,29,42,0.6904761904761905
85017B,7,42,0.16666666666666666
85018D,42,42,1.0
85019A,21,42,0.5
85019B,21,42,0.5
85019C,37,42,0.8809523809523809
85020,29,42,0.6904761904761905
85023B,33,42,0.7857142857142857
85024B,32,42,0.7619047619047619
85025B,21,42,0.5
85025C,25,42,0.5952380952380952
85026B,37,42,0.8809523809523809
85027L,36,42,0.8571428571428571
85031A,40,42,0.9523809523809523
85032A,13,42,0.30952380952380953
85032C,9,42,0.21428571428571427
85032D,21,42,0.5
85034A,24,42,0.5714285714285714
85034B,25,42,0.5952380952380952
85034C,27,42,0.6428571428571429
85035A,18,42,0.42857142857142855
85035B,26,42,0.6190476190476191
85035C,20,42,0.47619047619047616
85036A,13,42,0.30952380952380953
85036B,27,42,0.6428571428571429
85036C,24,42,0.5714285714285714
85038,10,42,0.23809523809523808
85039A,6,42,0.14285714285714285
85039B,8,42,0.19047619047619047
85039C,18,42,0.42857142857142855
85039a,25,42,0.5952380952380952
85040A,4,42,0.09523809523809523
85040B,34,42,0.8095238095238095
85040a,28,42,0.6666666666666666
85047,42,42,1.0
85048,20,42,0.47619047619047616
85049A,9,42,0.21428571428571427
85049B,42,42,1.0
85049C,1,42,0.023809523809523808
85049D,15,42,0.35714285714285715
85049E,1,42,0.023809523809523808
85049F,11,42,0.2619047619047619
85049G,2,42,0.047619047619047616
85049H,9,42,0.21428571428571427
85049e,24,42,0.5714285714285714
85049g,11,42,0.2619047619047619
85053,1,42,0.023809523809523808
85054,4,42,0.09523809523809523
85055,42,42,1.0
85059,7,42,0.16666666666666666
85061W,3,42,0.07142857142857142
85062,5,42,0.11904761904761904
85064,42,42,1.0
85066,0,42,0.0
85067,42,42,1.0
85071A,16,42,0.38095238095238093
85071B,14,42,0.3333333333333333
85071C,12,42,0.2857142857142857
85071D,20,42,0.47619047619047616
85078,9,42,0.21428571428571427
85087,15,42,0.35714285714285715
85088,21,42,0.5
85089,38,42,0.9047619047619048
85093,12,42,0.2857142857142857
85094,18,42,0.42857142857142855
85095,27,42,0.6428571428571429
85096,32,42,0.7619047619047619
85099B,0,42,0.0
85099C,0,42,0.0
85099F,1,42,0.023809523809523808
85099f,42,42,1.0
85103,33,42,0.7857142857142857
85106,35,42,0.8333333333333334
85111,19,42,0.4523809523809524
85114A,13,42,0.30952380952380953
85114B,11,42,0.2619047619047619
85114C,14,42,0.3333333333333333
85114a,35,42,0.8333333333333334
85114c,22,42,0.5238095238095238
85116,13,42,0.30952380952380953
85118,42,42,1.0
85123A,0,42,0.0
85123a,19,42,0.4523809523809524
85124B,20,42,0.47619047619047616
85124C,25,42,0.5952380952380952
85125,26,42,0.6190476190476191
85127,24,42,0.5714285714285714
85129B,28,42,0.6666666666666666
85129C,35,42,0.8333333333333334
85129D,19,42,0.4523809523809524
85130A,38,42,0.9047619047619048
85130B,14,42,0.3333333333333333
85130C,20,42,0.47619047619047616
85130D,14,42,0.3333333333333333
85131A,15,42,0.35714285714285715
85131B,4,42,0.09523809523809523
85131C,16,42,0.38095238095238093
85131D,4,42,0.09523809523809523
85132A,29,42,0.6904761904761905
85132B,28,42,0.6666666666666666
85132C,15,42,0.35714285714285715
85135C,26,42,0.6190476190476191
85136A,23,42,0.5476190476190477
85141,30,42,0.7142857142857143
85144,33,42,0.7857142857142857
85146,38,42,0.9047619047619048
85150,14,42,0.3333333333333333
85152,3,42,0.07142857142857142
85159A,19,42,0.4523809523809524
85159B,10,42,0.23809523809523808
85160A,42,42,1.0
85160B,32,42,0.7619047619047619
85161,33,42,0.7857142857142857
85163A,28,42,0.6666666666666666
85163B,29,42,0.6904761904761905
85168B,32,42,0.7619047619047619
85169A,17,42,0.40476190476190477
85169B,22,42,0.5238095238095238
85169C,25,42,0.5952380952380952
85169D,23,42,0.5476190476190477
85170B,24,42,0.5714285714285714
85170C,16,42,0.38095238095238093
85170D,8,42,0.19047619047619047
85172,19,42,0.4523809523809524
85173,17,42,0.40476190476190477
85174,10,42,0.23809523809523808
85175,6,42,0.14285714285714285
85176,6,42,0.14285714285714285
85177,16,42,0.38095238095238093
85178,5,42,0.11904761904761904
85179A,33,42,0.7857142857142857
85179C,36,42,0.8571428571428571
85180A,31,42,0.7380952380952381
85180B,31,42,0.7380952380952381
85183A,15,42,0.35714285714285715
85183B,11,42,0.2619047619047619
85184C,4,42,0.09523809523809523
85185B,9,42,0.21428571428571427
85185D,39,42,0.9285714285714286
85186A,32,42,0.7619047619047619
85186C,28,42,0.6666666666666666
85187,24,42,0.5714285714285714
85188A,31,42,0.7380952380952381
85188B,39,42,0.9285714285714286
85189,41,42,0.9761904761904762
85194L,30,42,0.7142857142857143
85194S,14,42,0.3333333333333333
85197,33,42,0.7857142857142857
85198,37,42,0.8809523809523809
85199L,4,42,0.09523809523809523
85199S,2,42,0.047619047619047616
85200,32,42,0.7619047619047619
85202,13,42,0.30952380952380953
85203,7,42,0.16666666666666666
85204,6,42,0.14285714285714285
85205B,32,42,0.7619047619047619
85206A,36,42,0.8571428571428571
85206B,42,42,1.0
85208,23,42,0.5476190476190477
85211,26,42,0.6190476190476191
85212,10,42,0.23809523809523808
85213,26,42,0.6190476190476191
85214,21,42,0.5
85215,30,42,0.7142857142857143
85216,37,42,0.8809523809523809
85227,3,42,0.07142857142857142
85230B,21,42,0.5
85230E,26,42,0.6190476190476191
85230F,38,42,0.9047619047619048
85230G,26,42,0.6190476190476191
85231B,9,42,0.21428571428571427
85231G,15,42,0.35714285714285715
85231b,41,42,0.9761904761904762
85231g,38,42,0.9047619047619048
85232A,34,42,0.8095238095238095
85232B,41,42,0.9761904761904762
85232D,22,42,0.5238095238095238
90000B,37,42,0.8809523809523809
90000D,34,42,0.8095238095238095
90001C,39,42,0.9285714285714286
90001D,39,42,0.9285714285714286
90002D,39,42,0.9285714285714286
90003B,37,42,0.8809523809523809
90003C,29,42,0.6904761904761905
90003D,32,42,0.7619047619047619
90003E,36,42,0.8571428571428571
90010B,40,42,0.9523809523809523
90010E,33,42,0.7857142857142857
90011A,39,42,0.9285714285714286
90011B,38,42,0.9047619047619048
90011E,40,42,0.9523809523809523
90012A,39,42,0.9285714285714286
90013A,28,42,0.6666666666666666
90013B,25,42,0.5952380952380952
90013C,29,42,0.6904761904761905
90014A,29,42,0.6904761904761905
90014B,32,42,0.7619047619047619
90016A,36,42,0.8571428571428571
90016B,31,42,0.7380952380952381
90018A,27,42,0.6428571428571429
90019A,25,42,0.5952380952380952
90019B,33,42,0.7857142857142857
90023,37,42,0.8809523809523809
90027C,38,42,0.9047619047619048
90028,35,42,0.8333333333333334
90030B,29,42,0.6904761904761905
90030C,36,42,0.8571428571428571
90032,37,42,0.8809523809523809
90033,38,42,0.9047619047619048
90035A,41,42,0.9761904761904762
90036E,35,42,0.8333333333333334
90036F,41,42,0.9761904761904762
90037A,42,42,1.0
90037B,41,42,0.9761904761904762
90037C,40,42,0.9523809523809523
90038A,34,42,0.8095238095238095
90038B,38,42,0.9047619047619048
90039A,41,42,0.9761904761904762
90039B,39,42,0.9285714285714286
90039C,39,42,0.9285714285714286
90039D,36,42,0.8571428571428571
90040A,41,42,0.9761904761904762
90040B,40,42,0.9523809523809523
90041,40,42,0.9523809523809523
90042C,42,42,1.0
90051,39,42,0.9285714285714286
90054,38,42,0.9047619047619048
90057,35,42,0.8333333333333334
90059A,31,42,0.7380952380952381
90059B,38,42,0.9047619047619048
90059C,35,42,0.8333333333333334
90059D,32,42,0.7619047619047619
90059F,33,42,0.7857142857142857
90060F,38,42,0.9047619047619048
90062,36,42,0.8571428571428571
90071,25,42,0.5952380952380952
90072,35,42,0.8333333333333334
90073,32,42,0.7619047619047619
90076,40,42,0.9523809523809523
90079,39,42,0.9285714285714286
90081C,35,42,0.8333333333333334
90082A,31,42,0.7380952380952381
90086,27,42,0.6428571428571429
90087,29,42,0.6904761904761905
90089,39,42,0.9285714285714286
90092,42,42,1.0
90096,26,42,0.6190476190476191
90101,32,42,0.7619047619047619
90103,37,42,0.8809523809523809
90104,37,42,0.8809523809523809
90108,35,42,0.8333333333333334
90114,12,42,0.2857142857142857
90115,37,42,0.8809523809523809
90116,19,42,0.4523809523809524
90118,30,42,0.7142857142857143
90119,19,42,0.4523809523809524
90120A,42,42,1.0
90120B,33,42,0.7857142857142857
90120C,32,42,0.7619047619047619
90120D,41,42,0.9761904761904762
90122A,34,42,0.8095238095238095
90122B,37,42,0.8809523809523809
90122C,36,42,0.8571428571428571
90123A,35,42,0.8333333333333334
90123B,39,42,0.9285714285714286
90123C,38,42,0.9047619047619048
90123D,39,42,0.9285714285714286
90124B,36,42,0.8571428571428571
90125A,39,42,0.9285714285714286
90125B,40,42,0.9523809523809523
90125C,40,42,0.9523809523809523
90125D,38,42,0.9047619047619048
90125E,41,42,0.9761904761904762
90129A,32,42,0.7619047619047619
90129B,31,42,0.7380952380952381
90130B,28,42,0.6666666666666666
90130C,34,42,0.8095238095238095
90130D,41,42,0.9761904761904762
90132,41,42,0.9761904761904762
90134,22,42,0.5238095238095238
90137,40,42,0.9523809523809523
90138,39,42,0.9285714285714286
90141A,36,42,0.8571428571428571
90141B,40,42,0.9523809523809523
90141D,41,42,0.9761904761904762
90144,33,42,0.7857142857142857
90145,30,42,0.7142857142857143
90146,38,42,0.9047619047619048
90147,26,42,0.6190476190476191
90148,37,42,0.8809523809523809
90154,39,42,0.9285714285714286
90155,38,42,0.9047619047619048
90156,40,42,0.9523809523809523
90158,25,42,0.5952380952380952
90160A,31,42,0.7380952380952381
90160B,35,42,0.8333333333333334
90160C,26,42,0.6190476190476191
90160D,32,42,0.7619047619047619
90161A,33,42,0.7857142857142857
90161B,27,42,0.6428571428571429
90161C,21,42,0.5
90161D,30,42,0.7142857142857143
90163A,37,42,0.8809523809523809
90163B,40,42,0.9523809523809523
90164A,35,42,0.8333333333333334
90164B,34,42,0.8095238095238095
90165A,33,42,0.7857142857142857
90165B,35,42,0.8333333333333334
90166,33,42,0.7857142857142857
90169,36,42,0.8571428571428571
90170,26,42,0.6190476190476191
90173,36,42,0.8571428571428571
90174,29,42,0.6904761904761905
90175A,28,42,0.6666666666666666
90175B,37,42,0.8809523809523809
90175D,29,42,0.6904761904761905
90177B,40,42,0.9523809523809523
90177C,34,42,0.8095238095238095
90177D,35,42,0.8333333333333334
90177E,36,42,0.8571428571428571
90180A,36,42,0.8571428571428571
90181A,38,42,0.9047619047619048
90181B,35,42,0.8333333333333334
90182C,37,42,0.8809523809523809
90183A,31,42,0.7380952380952381
90183B,34,42,0.8095238095238095
90183C,37,42,0.8809523809523809
90184A,39,42,0.9285714285714286
90184B,31,42,0.7380952380952381
90184C,32,42,0.7619047619047619
90185A,34,42,0.8095238095238095
90185B,36,42,0.8571428571428571
90185C,37,42,0.8809523809523809
90186A,39,42,0.9285714285714286
90186B,33,42,0.7857142857142857
90187B,38,42,0.9047619047619048
90188,39,42,0.9285714285714286
90190A,36,42,0.8571428571428571
90190B,37,42,0.8809523809523809
90190C,33,42,0.7857142857142857
90191,35,42,0.8333333333333334
90194,37,42,0.8809523809523809
90195A,39,42,0.9285714285714286
90196A,41,42,0.9761904761904762
90197B,32,42,0.7619047619047619
90198A,26,42,0.6190476190476191
90199D,40,42,0.9523809523809523
90200A,20,42,0.47619047619047616
90200B,18,42,0.42857142857142855
90200C,39,42,0.9285714285714286
90200D,12,42,0.2857142857142857
90200E,22,42,0.5238095238095238
90201A,23,42,0.5476190476190477
90201B,27,42,0.6428571428571429
90201C,30,42,0.7142857142857143
90201D,23,42,0.5476190476190477
90202A,36,42,0.8571428571428571
90202B,36,42,0.8571428571428571
90202C,38,42,0.9047619047619048
90202D,35,42,0.8333333333333334
90204,32,42,0.7619047619047619
90205A,31,42,0.7380952380952381
90205C,34,42,0.8095238095238095
90206C,28,42,0.6666666666666666
90208,28,42,0.6666666666666666
90209B,24,42,0.5714285714285714
90209C,25,42,0.5952380952380952
90210A,39,42,0.9285714285714286
90210C,40,42,0.9523809523809523
90212B,39,42,0.9285714285714286
90214A,16,42,0.38095238095238093
90214B,31,42,0.7380952380952381
90214C,29,42,0.6904761904761905
90214D,27,42,0.6428571428571429
90214E,28,42,0.6666666666666666
90214F,33,42,0.7857142857142857
90214G,29,42,0.6904761904761905
90214H,29,42,0.6904761904761905
90214I,36,42,0.8571428571428571
90214J,20,42,0.47619047619047616
90214K,25,42,0.5952380952380952
90214L,23,42,0.5476190476190477
90214M,29,42,0.6904761904761905
90214N,31,42,0.7380952380952381
90214P,35,42,0.8333333333333334
90214R,30,42,0.7142857142857143
90214S,22,42,0.5238095238095238
90214V,33,42,0.7857142857142857
90214W,40,42,0.9523809523809523
90214Y,38,42,0.9047619047619048
C2,3,42,0.07142857142857142
DCGS0003,41,42,0.9761904761904762
DCGS0069,42,42,1.0
gift_0001_20,37,42,0.8809523809523809
gift_0001_30,38,42,0.9047619047619048
