StockCode,units
23166,77826
84077,48389
22197,47944
85099B,45115
85123A,33074
84879,32669
21212,31831
23084,26435
22492,23631
15036,23596
21977,22862
22616,22802
22178,21930
17003,21572
22386,20496
23203,19819
21915,18556
20725,18304
47566,17910
85099F,16479
84991,16468
84946,16465
20724,16158
22469,15998
84755,15785
22355,15012
22086,14787
23199,14668
22151,14399
22952,13937
22961,13720
21213,13676
22693,13370
22629,12929
21790,12909
71459,12797
23201,12735
85099C,12728
23209,12714
21931,12703
16014,12229
84568,12171
22993,12147
21080,12112
22998,12056
84978,11994
23206,11953
22383,11740
20719,11727
21731,11696
84992,11642
21175,11565
23310,11565
21975,11468
23307,11438
20727,11358
22411,11328
22423,11325
20728,11160
22630,11109
22969,11085
23202,10451
20713,10422
21181,10380
21929,10262
20971,10234
22384,10028
22659,9874
23077,9847
21108,9838
22382,9824
84212,9738
21232,9734
22577,9709
21498,9626
20668,9526
21928,9415
20712,9245
23344,9200
20726,9142
22699,9070
22578,9069
20723,9006
21326,8929
21703,8866
21166,8848
22356,8832
22489,8724
22470,8699
22610,8628
16045,8600
84945,8396
21985,8375
23298,8328
82482,8308
23232,8276
79321,8250
21137,8233
22910,8205
22077,8138
21094,8113
23301,8107
22385,8098
21497,8050
84970S,7949
23293,7940
22741,7940
23230,7876
22960,7841
23076,7828
22326,7740
23207,7717
23204,7610
22457,7578
22988,7567
22417,7545
84947,7538
21787,7471
23309,7464
22029,7436
21891,7384
22909,7380
22551,7364
22666,7343
22090,7309
22558,7227
22554,7218
75049L,7091
23231,7077
22467,7077
22720,7060
16161P,7001
23200,6947
21733,6870
21918,6828
20972,6806
23078,6798
21086,6795
21914,6780
84692,6779
22791,6736
23170,6727
22951,6720
22865,6670
85152,6646
20974,6602
22560,6560
15034,6544
22966,6529
82583,6513
22697,6495
21829,6494
21982,6469
22662,6415
23300,6368
21499,6352
21791,6303
21980,6302
22740,6298
22379,6295
22907,6278
22727,6252
84347,6229
22045,6202
23171,6093
23245,6074
22595,6069
22771,6026
22065,6015
23208,5977
21500,5975
21121,5964
23295,5923
84378,5910
82494L,5887
22418,5871
22440,5864
18007,5809
22149,5738
22147,5726
20914,5714
23308,5701
23205,5672
21930,5668
20975,5615
71477,5603
22189,5601
22722,5599
22726,5555
84970L,5550
22621,5545
22698,5528
21495,5475
16156S,5475
22556,5468
21889,5467
22609,5461
82580,5443
23167,5433
84836,5338
21668,5336
22561,5303
23343,5301
23284,5301
72741,5301
84380,5215
82600,5210
22950,5209
21231,5203
22555,5197
21810,5184
40016,5176
21210,5171
23233,5150
22759,5149
23355,5136
22992,5133
21877,5113
22866,5096
22030,5090
22084,5084
21669,5054
23286,5023
22579,5013
21871,5000
21981,4999
22585,4981
85175,4965
23296,4930
23144,4928
22983,4927
21967,4897
22328,4871
22704,4853
22661,4849
21976,4824
22728,4811
23285,4799
22294,4757
84596B,4750
20676,4742
23243,4730
21122,4725
22161,4723
84997D,4721
20711,4713
22608,4708
21704,4654
22959,4650
22138,4645
22996,4645
21811,4639
23288,4608
35970,4596
22652,4591
23005,4563
21672,4557
23321,4539
22900,4462
22620,4441
21136,4383
21916,4347
23581,4331
23297,4303
23294,4302
22333,4294
22273,4294
22710,4276
82484,4275
22139,4271
22053,4234
22112,4213
22557,4206
16169E,4187
22027,4165
20718,4164
20992,4161
16237,4153
21506,4139
22970,4135
22908,4125
22867,4074
22712,4070
22979,4030
22338,4020
21917,4018
22534,4013
23240,4009
84988,4000
21169,3987
22087,3981
21670,3975
82582,3965
22083,3951
21671,3940
22114,3925
16161U,3925
21936,3923
21986,3919
22986,3905
21673,3900
21124,3895
20973,3894
23103,3874
84997B,3864
21394,3859
22041,3822
22991,3806
62018,3800
23378,3797
23353,3778
20984,3768
21238,3762
22219,3745
21165,3734
84375,3732
15056N,3725
22297,3719
22553,3714
21559,3711
16218,3708
21390,3702
79000,3697
23182,3688
21174,3686
23172,3683
22985,3681
23263,3656
51014A,3637
82581,3635
22491,3634
21385,3619
20685,3617
48187,3617
23318,3580
23354,3553
21154,3542
48185,3541
20979,3538
22544,3535
23319,3527
23493,3520
23439,3516
22037,3508
22631,3506
84997C,3498
21509,3497
84596F,3480
21314,3479
22144,3475
48138,3460
84949,3450
22633,3448
22348,3441
21240,3437
23275,3427
23503,3426
22367,3421
22772,3410
22714,3398
23215,3393
16259,3380
22632,3331
21172,3317
22962,3317
85150,3313
22536,3313
22920,3304
23192,3293
20677,3293
22111,3292
22663,3271
21908,3260
23351,3247
48194,3239
22713,3221
22944,3215
16216,3203
22047,3200
23188,3200
21984,3177
23168,3170
21242,3160
35953,3141
22381,3139
23198,3138
23175,3125
21519,3122
21313,3077
22488,3076
23546,3075
22816,3068
23000,3068
22568,3066
22766,3063
22531,3054
22818,3054
22530,3044
21746,3041
23174,3013
16219,3013
22734,3007
21900,3003
23326,3002
21507,3001
23583,2997
23322,2996
21523,2989
84987,2981
23367,2975
20996,2972
22243,2969
72232,2967
22142,2965
21876,2962
23349,2944
22716,2943
21935,2943
20675,2943
21155,2940
47591D,2930
22646,2917
23165,2906
22804,2904
21239,2866
22352,2865
84536A,2864
22775,2864
16235,2858
22296,2858
21395,2838
22028,2838
23376,2836
21430,2836
22570,2833
23507,2830
21098,2815
23306,2805
22158,2796
82552,2796
22999,2793
82551,2778
22614,2769
22464,2766
22989,2766
22963,2758
22711,2752
22419,2752
21156,2748
21892,2740
23173,2727
10133,2726
22945,2718
23210,2718
21485,2711
21135,2705
23582,2701
21078,2698
20717,2692
21621,2688
22303,2686
22437,2685
22596,2669
21874,2665
35961,2658
21932,2656
23313,2655
22507,2632
47503A,2614
22851,2613
22549,2612
23571,2611
22984,2607
85049A,2600
22708,2600
47556B,2600
23506,2598
15056BL,2578
21933,2575
23346,2568
23508,2563
22564,2559
23157,2556
22730,2553
22637,2552
22835,2550
23154,2545
16008,2542
21084,2542
22150,2538
84832,2538
23328,2531
20983,2531
21878,2509
23445,2508
51014C,2497
84029E,2495
23510,2493
23121,2493
21899,2492
37340,2492
23350,2485
23158,2478
22569,2476
22597,2474
23236,2465
22113,2462
22978,2453
22435,2446
22817,2439
23340,2438
22667,2435
22997,2434
22819,2431
85049E,2430
21642,2426
22154,2408
22339,2408
22815,2406
21754,2393
84929,2388
21818,2386
21090,2385
22563,2382
22141,2380
22196,2379
22539,2378
23345,2373
22964,2371
23570,2364
47599A,2364
22295,2363
22188,2360
22421,2359
22980,2350
21035,2348
22460,2347
23187,2338
23032,2328
47566B,2321
22995,2313
23320,2307
23545,2305
17084R,2304
21508,2296
23159,2293
21650,2292
22336,2292
22938,2288
47590B,2274
22971,2274
22892,2268
21988,2264
23089,2261
23119,2255
84050,2253
23290,2247
22082,2245
22855,2244
23368,2241
22398,2241
21819,2240
21833,2237
22898,2233
23122,2232
21218,2231
21989,2228
22584,2221
22152,2218
23155,2215
21481,2215
22066,2211
23356,2210
84997A,2208
22024,2207
22173,2204
22792,2204
23380,2201
22413,2201
23211,2197
21907,2194
21243,2192
22915,2188
22493,2187
21479,2187
21830,2183
21934,2181
21535,2177
23334,2173
22302,2164
23311,2164
21868,2164
23082,2163
23109,2152
22046,2150
22668,2144
23374,2142
21244,2139
21623,2139
22601,2137
85212,2135
23176,2134
22729,2125
22335,2120
23191,2119
23212,2118
85178,2110
85199S,2101
22227,2098
22573,2098
22153,2093
23108,2092
21974,2089
21380,2085
23035,2075
22994,2072
22094,2071
22813,2070
22540,2069
23247,2066
37370,2064
23148,2058
23100,2054
22427,2053
21399,2048
23292,2038
21987,2038
85204,2037
23002,2035
48188,2033
22499,2033
22619,2032
84536B,2032
23241,2030
22749,2030
22436,2028
21983,2025
15039,2023
23366,2016
22268,2009
23177,2009
23145,1998
23101,1997
23256,1993
22567,1991
85015,1991
22156,1990
22431,1989
23333,1983
51014L,1974
21216,1971
22301,1968
21749,1948
22602,1946
22241,1943
22091,1942
23434,1941
22466,1939
82483,1936
23186,1928
22895,1927
23436,1926
22617,1923
22148,1920
85061W,1918
22546,1914
22131,1914
20982,1906
47590A,1904
23266,1904
85078,1903
23332,1899
47504K,1898
22155,1895
22130,1891
22748,1891
84598,1890
21875,1889
22615,1889
23004,1888
21179,1882
22098,1882
22899,1881
21845,1878
23437,1876
21558,1874
23399,1871
23287,1856
21824,1856
23090,1851
48184,1850
21033,1850
22088,1842
21755,1839
21902,1837
22814,1835
21069,1833
22706,1832
22774,1832
22174,1831
23550,1830
23280,1828
22738,1827
22548,1826
22917,1825
23147,1824
23504,1820
20981,1817
20969,1817
82486,1815
22537,1812
22266,1811
22745,1809
22956,1808
23196,1808
23194,1798
21403,1796
22571,1794
23365,1791
22916,1785
23083,1782
21809,1781
23264,1779
21544,1778
84029G,1777
22957,1775
22079,1773
22651,1770
22502,1763
21803,1759
22750,1759
85014B,1759
22725,1756
23006,1752
23163,1751
22893,1750
10135,1749
22093,1748
22918,1747
72818,1744
23330,1739
21993,1736
47593B,1735
21287,1734
21992,1730
23327,1730
48173C,1729
23438,1728
22331,1728
22025,1727
84596G,1726
22439,1725
21843,1724
23551,1723
21504,1721
47559B,1716
22904,1710
23229,1709
22705,1708
35471D,1707
71053,1706
22805,1706
23161,1701
22773,1700
22599,1700
21381,1699
22535,1698
84406B,1696
23238,1690
21937,1688
22171,1686
22593,1684
20978,1680
23120,1679
22624,1671
23254,1669
17021,1669
82578,1666
20977,1665
23190,1663
70006,1659
23329,1657
22919,1657
17091J,1656
21088,1653
23352,1652
22653,1649
23271,1647
79164,1642
22195,1641
21901,1639
22594,1633
22402,1632
23265,1631
22670,1630
16011,1630
22940,1626
21494,1623
22921,1622
22432,1621
21844,1620
23371,1620
22128,1618
22102,1616
23234,1615
23156,1614
23251,1612
22645,1608
23291,1606
23227,1602
21714,1602
21034,1601
22244,1598
23289,1598
22378,1593
21164,1590
22533,1589
22456,1587
22329,1582
23213,1582
85066,1578
22271,1578
72351B,1576
22026,1572
21880,1570
84950,1567
22501,1561
21524,1560
22690,1559
23480,1559
21802,1558
22972,1555
22574,1553
23373,1550
21422,1547
84971S,1546
21770,1545
21888,1544
22715,1541
85053,1531
84508A,1530
23135,1522
23382,1520
11001,1519
20750,1518
23497,1517
23169,1516
20679,1515
21294,1515
23193,1515
21990,1512
85132C,1510
21398,1510
79163,1509
37342,1494
22739,1492
23331,1488
22732,1487
22812,1484
22613,1481
46000S,1481
22478,1480
22508,1479
85049G,1477
37327,1474
20674,1472
22896,1472
20749,1471
21700,1467
22718,1460
21592,1458
21718,1455
23228,1453
22692,1451
23547,1450
23268,1447
21786,1444
23160,1442
23370,1441
23431,1437
22115,1436
16048,1431
82001S,1430
22465,1430
22733,1430
23221,1426
22694,1425
17038,1420
22208,1415
23381,1415
21158,1411
22089,1407
22212,1401
79030G,1400
22751,1392
85111,1391
21162,1390
22099,1390
22101,1387
22798,1386
22906,1385
22672,1384
22191,1381
21439,1380
21531,1378
22035,1375
21716,1374
22625,1373
21912,1370
23028,1369
22948,1369
22834,1366
21402,1363
22433,1358
22350,1358
22665,1356
22505,1356
23162,1356
22097,1354
21429,1353
23500,1351
22941,1346
48116,1341
22644,1341
22300,1341
23372,1340
23501,1338
22349,1338
16236,1334
23323,1333
22477,1331
21883,1325
23242,1325
23197,1325
22400,1319
21823,1314
21015,1313
85062,1308
23312,1307
21715,1305
85184C,1305
23375,1304
23377,1301
22709,1300
23029,1296
22193,1295
23225,1294
35923,1294
72802C,1293
47599B,1291
85227,1286
23534,1286
22922,1284
21873,1281
21068,1280
23549,1280
22078,1279
22746,1279
20754,1276
22543,1275
22600,1273
22117,1271
22897,1271
23681,1271
23102,1268
22965,1263
84535B,1258
22562,1258
22420,1258
21096,1257
16238,1249
22674,1248
22103,1248
22607,1247
21561,1246
37448,1242
22340,1238
21014,1231
23433,1230
23031,1228
23432,1228
84596L,1226
22109,1224
21533,1223
22754,1219
22974,1218
21114,1218
22291,1217
23226,1213
22343,1212
22403,1211
22707,1207
23426,1205
22580,1201
85048,1201
84818,1200
21588,1199
22274,1196
17084N,1196
22377,1195
21788,1192
22429,1191
22702,1190
23379,1190
23086,1190
23189,1189
20829,1189
21591,1189
22902,1189
21872,1187
21484,1184
22717,1184
22603,1181
21201,1181
21209,1180
22737,1178
21163,1176
23360,1171
22187,1167
22967,1165
16016,1165
22784,1159
22043,1158
21955,1155
22604,1153
21328,1151
23270,1151
85071B,1148
23267,1148
22245,1146
23113,1145
85230B,1144
22380,1142
22185,1138
21641,1138
21382,1137
23217,1137
22129,1136
22776,1136
72817,1134
22675,1133
23281,1133
85194S,1132
22064,1131
22292,1130
16054,1128
85049C,1126
22050,1125
23274,1124
72351A,1122
21058,1122
20985,1121
22982,1120
22096,1120
22479,1119
22572,1119
22286,1118
84030E,1118
22207,1117
23505,1117
10125,1115
21167,1112
21428,1111
37446,1111
23483,1105
22755,1104
22581,1103
23302,1101
35954,1098
23250,1096
23499,1094
22821,1093
85172,1090
84510A,1090
22023,1087
85014A,1086
22857,1084
22576,1084
21389,1083
21070,1082
21159,1075
22676,1075
16012,1075
22095,1074
22752,1071
79191C,1067
23134,1065
23389,1063
22399,1061
21397,1060
21391,1060
48111,1059
22550,1059
23126,1059
21260,1058
22059,1058
22654,1056
22809,1055
22080,1055
84828,1051
22327,1048
84012,1048
22975,1048
23509,1048
22700,1041
22736,1039
23535,1037
22169,1037
21123,1035
21890,1035
22924,1033
22055,1032
20682,1030
85230E,1029
21679,1029
22731,1026
23548,1025
23096,1021
21207,1019
22582,1018
22230,1017
22264,1017
22923,1017
22306,1016
22669,1012
85071A,1012
23132,1011
23237,1009
22779,1009
23299,1008
22859,1005
21200,1004
21401,1002
23369,1001
23012,999
21773,996
85017B,995
22973,993
20828,992
22332,991
22723,990
23061,989
21903,989
21217,985
22943,985
20970,982
23255,980
85034C,979
22211,977
22532,973
21634,973
22132,972
22858,970
22228,969
23034,968
21206,967
22262,965
23359,964
23056,963
22795,962
21654,962
21112,961
21896,961
22622,956
20832,955
21383,954
21774,954
22170,953
46000M,950
22494,948
21447,947
23283,947
84926E,940
21556,940
23131,939
23220,937
85230G,936
22930,936
22677,935
21870,934
22955,934
22628,932
23129,932
85206A,932
22360,931
85183B,927
22844,927
20963,927
23130,927
21245,926
85131A,926
72802B,925
21259,924
21340,921
21215,920
21198,920
22371,919
22545,919
22231,917
22522,914
23093,914
23273,912
85194L,911
22933,908
22671,906
23123,905
21192,905
22048,900
22293,900
22051,900
21208,899
22780,898
47421,896
22070,894
22249,894
22342,893
22192,891
23244,891
21199,891
22441,890
22269,887
20801,887
22284,886
22074,885
21636,884
22311,883
20751,883
22210,881
21922,880
21539,879
22598,878
23138,877
23691,875
35648,871
21012,871
21400,871
21884,870
21110,869
22412,865
35095A,864
23541,864
22747,864
22801,864
21584,860
23087,859
85203,853
85040A,852
21881,851
48129,851
23013,850
84509A,847
22416,843
22686,843
21745,842
22396,842
22840,842
22075,842
20961,841
22315,838
22976,837
23526,837
23184,836
21224,836
22523,836
21329,834
22847,831
23249,831
22209,829
23530,828
22623,828
85176,828
35095B,827
47518F,827
22977,827
22076,827
85213,827
23347,827
20803,826
23014,825
23404,825
21619,825
23531,824
22565,823
85130B,820
47504H,820
21789,819
22337,818
21817,816
22321,815
22721,815
22937,815
17096,814
85199L,814
22285,813
40001,812
22222,812
21041,809
22179,807
22424,806
21291,806
85034B,804
23282,800
22163,799
22250,799
21615,798
23068,792
22789,792
23080,791
22322,791
22287,791
22949,791
22267,787
23388,786
85131D,785
21327,784
21211,783
22279,782
22175,781
85049H,781
21626,778
22678,776
21879,775
22680,774
23057,773
22110,771
84792,771
22932,769
22587,768
22186,768
21530,768
85230A,768
23133,767
23146,766
21713,766
79051A,765
23393,764
21563,763
23435,762
21832,761
23088,761
23239,757
22627,757
22044,756
22224,755
23269,753
72816,752
21658,752
22810,751
23214,750
22529,748
23489,747
22487,747
23222,746
23348,746
22366,745
21071,745
23223,744
21947,743
22133,742
22768,741
21616,738
85038,737
22650,736
85039B,734
22365,734
22605,732
22854,731
22947,730
85035C,729
22673,728
21292,727
22767,727
22434,726
21801,726
79066K,723
21677,723
23118,723
22845,722
84660A,722
21680,720
22354,720
21609,718
22426,717
85032A,717
22520,716
21756,715
22566,715
22778,714
23033,713
22820,711
84006,709
85093,706
84826,705
23566,703
21503,701
22040,700
16161G,700
22049,700
22800,700
22361,698
22071,697
23127,696
23569,696
23395,694
22679,693
21578,693
21318,692
35964,691
22251,691
22586,690
21249,690
21354,688
85036C,687
22811,687
72586,686
15056P,684
21452,683
21684,683
84944,682
44234,682
22334,681
23110,680
85032B,680
20956,680
85177,679
21066,679
23502,679
22931,678
37413,675
23224,674
22753,674
22831,671
22649,671
22757,669
22299,669
22681,668
22688,667
22304,667
37447,667
21620,666
22307,665
21905,665
23390,662
85071C,660
22483,659
23055,657
22735,657
22247,657
23235,656
22838,656
22968,656
22807,655
22305,652
23494,652
85202,650
21116,650
90057,648
85183A,646
23052,644
22634,644
21586,643
22743,642
21866,642
15044D,641
16015,641
85032D,640
22639,638
79337,638
22689,638
85106,637
22422,636
85039A,636
22092,635
79190B,635
16169M,635
21577,632
23529,630
20846,630
72807C,629
22100,629
37450,627
22696,626
22319,626
35810A,626
85231B,626
18097C,624
23552,623
22682,622
23396,621
21386,620
85094,618
85169A,617
22863,616
22316,615
22524,615
47422,615
23564,614
23392,611
22358,611
85116,610
10002,609
21471,609
22232,609
22683,608
22344,606
22846,606
21195,606
23473,606
22521,605
22258,605
21455,605
20986,602
82567,602
22430,600
22758,600
16033,600
22481,598
85159B,598
22635,598
21355,598
23536,597
23252,597
35598D,596
22252,595
21125,594
21949,593
22364,592
21705,589
23403,588
21927,588
22860,587
85032C,587
21640,586
22254,585
84341B,584
84821,583
22687,582
17129F,582
22248,581
22081,580
23091,580
21059,579
84926D,579
22935,578
21948,578
22062,577
72225C,576
21991,575
22452,572
22588,572
23164,571
84926A,571
23048,570
23124,567
21257,567
84660B,567
22781,564
21864,564
22229,564
23559,563
84422,563
85186A,563
79030D,562
22105,562
85131B,561
22592,561
21454,561
23525,560
84596J,560
22575,560
23515,560
22934,559
22261,559
22685,558
20866,556
23513,555
22744,554
22842,554
22719,552
21109,552
23511,552
23152,551
85130D,551
22052,550
22233,550
23026,550
21822,550
22072,549
85231G,549
85054,548
85016,547
21289,547
21894,545
22134,545
22583,544
47021G,543
47574A,543
21675,542
22547,542
23003,542
21126,540
90058B,540
35004B,539
84032A,537
21906,534
22796,534
22664,534
23398,533
20839,533
22242,532
35924,531
44235,530
20733,530
85186C,528
85132A,527
22480,526
85132B,526
35598B,525
23418,525
22116,524
22990,524
22181,523
47480,521
22636,520
23216,520
72803A,520
35646,519
84459B,518
21794,517
22085,517
23498,517
84459A,514
22684,514
23543,512
23112,511
85019B,510
21643,509
22841,506
16049,504
21039,504
84969,504
21356,504
22458,503
84313C,501
23092,501
84660C,499
23490,498
21272,497
22926,496
22260,496
72598,496
23695,495
22647,495
22541,495
21111,495
84976,494
22120,494
22559,493
21898,493
21557,493
22265,492
20840,491
22310,490
37482P,490
22485,489
21775,489
21648,488
47567B,488
22345,488
23050,488
22176,488
23512,488
21306,487
22135,487
85049D,487
72349B,486
85114A,485
20802,485
85034A,485
21744,485
21747,484
23007,484
37449,483
21617,483
82613D,483
22374,482
17012B,481
21204,481
21463,481
21043,479
23397,478
23568,477
16052,477
22255,476
22695,476
84763,475
85130C,474
21107,474
21063,473
23528,472
84817,470
22363,469
22313,468
22288,467
47469,467
23514,465
23325,462
22981,461
23358,460
21062,460
84596E,460
20707,459
23125,459
23400,458
22626,457
23452,455
22905,455
23075,454
22031,454
22468,454
23049,452
22280,451
16156L,450
21311,450
22038,450
22525,450
23419,449
15044A,449
23524,448
21520,446
20735,446
84849D,443
23406,442
23081,441
22853,440
85174,439
21373,439
22425,437
22843,437
84569D,436
21194,436
16225,436
84951A,435
17013D,435
23424,433
21061,433
21882,433
22946,430
22449,429
21813,429
85114C,428
23553,428
23008,427
20886,427
21411,427
75131,427
84519B,427
23128,426
85159A,426
23058,426
22346,426
22312,424
23556,424
21564,422
22341,421
84519A,420
21446,420
22925,419
22783,419
22911,418
37495,415
22482,414
23554,414
79160,414
23394,412
21065,412
35809A,412
23555,411
22032,410
20868,410
85169C,410
21171,409
35971,409
84520B,409
22914,408
22318,408
21785,408
82613C,408
23521,407
22217,407
22839,407
23558,406
22942,406
21926,406
35967,405
21897,405
22445,405
23527,404
84926F,402
20665,401
22357,400
84535A,399
22939,399
17012D,398
23324,397
22190,396
22822,395
84032B,395
23219,395
15060B,395
22444,393
21219,393
35651,390
22756,388
85071D,387
21925,387
22246,387
22701,386
22519,385
23022,385
82613B,385
20838,384
85019A,383
21115,383
23314,383
22216,383
21618,383
85114B,382
23139,382
84078A,382
20658,382
84509G,381
22123,381
22591,380
23482,380
84819,380
70007,378
22107,376
22438,376
23565,375
22362,375
21060,374
72760B,374
22459,373
23218,373
77101A,373
84951B,372
85059,372
20716,371
22927,371
17084P,370
21625,368
22057,368
23542,368
23357,367
47310M,367
22953,366
81952V,365
23342,365
84625A,363
23391,363
23051,361
21191,360
21724,359
23412,358
23697,358
17012F,357
23053,357
22063,356
37500,356
22852,356
85049F,355
22691,355
85180A,355
23518,355
82599,353
17136A,352
21913,352
21723,352
85173,352
84625C,352
21717,351
21666,351
23335,351
84356,351
22742,351
22136,350
85170D,349
21470,347
84279P,347
23046,346
71101E,346
23523,346
23557,345
84559A,345
21534,344
20752,343
22518,342
23522,340
21792,340
21424,340
22473,340
23085,340
21358,338
84800L,338
23025,338
22061,338
22277,337
23338,336
21812,336
35965,336
85187,336
21288,334
22660,334
23072,334
85087,333
84580,333
22068,333
21448,332
22106,331
22127,331
22309,330
23538,328
21352,328
47580,327
23517,326
21622,325
90058A,324
84754,324
85025B,324
22021,323
23107,322
22498,322
22913,322
79190A,321
22223,321
20966,321
23179,321
22200,320
82616B,320
21972,319
21706,319
21846,319
85188A,319
23469,319
51020A,318
15044B,318
22067,318
35911A,318
21188,317
22278,316
35915C,315
23071,315
72800E,315
16168M,315
22890,314
72807B,314
22446,314
75178,313
21220,311
22199,311
21527,311
21562,310
23178,309
21693,309
23010,308
23185,308
22777,307
85036B,306
22891,306
21945,305
22849,304
23401,304
16258A,304
22538,303
21365,303
10080,303
22606,302
21793,302
85025C,301
15044C,301
21828,300
21688,299
23408,297
21867,296
21719,296
72807A,295
84968C,295
84997b,293
22894,293
22203,293
82616C,293
23660,292
22314,292
84997d,291
23054,291
23067,291
21730,290
22375,289
22848,289
22033,289
22794,288
72122,288
22121,287
20615,287
22180,287
85039C,286
79302M,286
23272,286
84806B,284
17012A,284
84912B,284
23516,283
85170C,283
85169D,283
23453,283
21246,282
22808,282
21042,282
21202,281
22256,281
22589,281
21466,281
22182,280
23341,279
22236,279
23402,278
84993A,278
84927F,278
22073,277
22861,275
22183,275
21944,274
22317,274
21262,274
23694,274
22259,273
23065,273
85185B,273
23478,273
21518,272
20755,272
21067,272
21421,272
21537,272
84228,271
84569A,271
21695,271
22263,270
21694,270
22514,270
22104,270
47471,270
20826,270
21469,269
20931,269
17012C,269
84247G,269
21442,269
22453,268
23106,268
84663A,268
22928,268
23023,268
23111,267
35819B,267
21635,266
21683,266
23027,265
84997c,265
21264,264
22856,263
21441,263
21374,262
22283,262
22471,262
84558A,262
21820,261
22936,261
35818P,260
22042,259
23066,259
22389,259
21197,259
21698,258
23474,258
22760,257
21467,256
22324,256
20669,256
84796B,256
23153,256
23024,255
84827,255
22912,255
23009,255
20652,255
23253,255
47563A,254
22703,254
23041,253
85088,253
35912B,252
21407,252
21222,251
23485,251
22039,250
22069,250
21371,249
21426,248
22372,248
23475,248
20686,247
84968A,247
47585A,247
22414,247
90209C,246
85035A,246
23079,244
84051,243
22515,243
84691,242
21189,242
23407,241
22405,241
22393,240
22215,240
23539,240
84884A,239
84913A,239
15058C,239
23316,238
84659A,238
84251B,237
20867,237
23451,236
21865,235
22325,235
79063C,234
23427,234
72802A,234
21205,233
22475,233
35957,233
21581,232
20772,232
71038,232
21089,231
23040,231
21187,231
22406,231
23405,231
20767,231
22270,230
22461,229
23074,228
84251G,228
21465,228
79190D,228
22257,228
23060,227
15058B,227
71270,227
21821,226
23519,224
23470,224
35933,224
22376,224
47481,223
23415,223
21942,222
21576,222
46118,222
22060,221
21026,221
23064,221
23411,221
22276,220
84849B,220
23183,220
21676,220
21725,219
85169B,219
85144,219
85230F,218
85208,218
35915B,218
22428,217
23598,217
84876B,217
22829,216
21284,216
21221,214
21258,214
21638,213
22611,211
21106,210
85215,210
23422,209
23423,209
22308,208
22167,207
20619,206
23661,206
23476,205
21804,205
21656,205
21613,205
85035B,205
23315,205
21528,204
84086C,204
23481,204
21739,204
23409,203
23461,202
85036A,202
23567,201
22476,200
17084J,200
17084A,200
81952B,200
21464,199
23336,199
23491,199
84970s,199
15058A,199
21445,198
21696,198
21320,197
84509B,197
84880,196
23532,196
23533,195
21807,194
72799E,194
21726,193
84031B,193
84279B,192
35914,192
78124,192
85024B,192
84031A,192
21417,192
47566b,191
22165,191
23181,191
79063D,189
22497,189
85107,189
21363,189
84748,188
46776F,187
21248,187
51020B,187
23039,187
22472,187
84858C,186
20856,186
22788,186
23455,186
22517,185
22409,185
22516,184
21708,184
47578A,184
22954,184
20854,183
85200,183
84559B,183
22320,183
85131C,183
21624,182
22474,182
23140,182
22806,182
21458,182
20655,182
23495,179
21028,179
22763,179
84789,179
21415,179
21147,178
22119,178
85019C,178
84970l,177
85232D,177
72128,177
22799,176
22504,176
23020,176
18094C,176
16169K,175
84581,175
21644,175
22511,175
21251,174
22390,174
21735,173
23484,173
20998,173
21064,173
23036,172
21580,172
21261,172
23425,172
22162,171
90209B,171
47570B,171
23037,171
22198,171
84931B,170
20836,170
85127,170
10120,170
23337,169
35637A,169
84795B,168
85104,168
22782,168
85129D,168
84673B,167
22359,167
22204,167
84968F,167
21742,167
22642,166
23317,165
22638,164
20823,164
20869,163
23420,163
84843,163
35815P,162
20831,162
84849A,161
84249A,161
71143,161
20768,161
85179A,160
23520,160
20932,160
21456,159
20770,159
23421,159
37479P,159
23544,159
21316,158
71279,158
21051,158
84913B,157
23339,157
37467,157
21682,157
23070,156
72130,156
79144B,156
23413,156
20967,155
22448,155
85125,155
22201,153
35599D,153
23454,153
21367,153
22510,153
47594B,153
47343A,153
22832,153
85170B,153
21263,152
90114,152
23094,152
21056,152
21973,152
22495,152
22643,152
40003,152
84531B,151
35810B,151
21408,151
21368,151
23456,151
71495B,151
22272,150
85123a,150
23540,149
85180B,149
22640,149
84912A,149
21808,149
84674,148
84968D,148
75011,148
22500,147
85095,147
21579,147
22289,147
21707,146
85214,145
85086A,145
21027,145
47420,145
20777,145
22220,144
21781,143
22443,143
21055,142
21025,142
85211,142
22410,142
22762,142
22797,142
20618,141
84531A,141
23414,141
84820,141
20654,141
20837,141
21087,141
79406,141
15030,141
85103,140
20616,140
23115,140
23073,139
20757,139
20758,139
35968,139
79191B,139
23114,138
21379,138
72819,138
84584,137
46776B,136
20734,136
35599B,136
22282,135
35653,135
21849,135
20659,134
21468,134
23150,133
22496,133
22450,132
46776A,132
79144C,132
22903,131
85114c,131
17107D,131
17014A,130
84931A,130
21631,130
22281,129
84199,129
21721,129
C2,128
22214,128
23099,128
72801C,128
37479B,128
21359,128
84968E,127
21709,127
84923,127
84800M,126
21285,126
22168,126
20622,126
84859A,126
84875B,126
21555,126
90200D,125
84510C,125
71406C,125
21457,124
23136,124
84509C,124
84917,124
72799F,124
37501,124
84218,123
21319,122
20764,122
84876D,122
20775,122
35001G,121
23142,121
20702,121
72131,121
72051S,120
84877B,120
20830,120
84313B,119
82494l,119
35911B,119
84683,119
85141,118
85040B,118
72349b,118
23045,117
21743,117
84247E,117
17091A,117
22526,117
21095,117
22451,116
23021,116
81950B,116
15056n,116
21851,115
72780,115
21678,115
84813,115
23486,115
84637,114
84457,114
21030,114
21348,114
84251C,114
22118,113
21161,113
20766,113
21253,112
84247L,112
21265,111
71496A,111
21943,111
23104,111
22447,111
21850,110
21633,110
85205B,110
23537,110
23597,110
21637,109
21117,109
21286,108
84231,108
23180,108
84800S,107
21293,107
85160B,106
90030B,105
23479,105
20761,105
35916C,104
47591B,104
85023B,103
22862,103
90125A,103
47367B,103
72127,102
22987,102
21710,102
84920,102
71495A,102
84997a,101
21378,101
22391,101
82001s,101
72134,100
21711,100
23044,100
20704,99
23149,99
21462,99
35241,99
85049g,99
47594A,99
35004G,98
22641,98
16043,98
21145,98
23042,97
20897,97
84857C,97
84665,97
20902,97
47503H,96
35972,96
22408,96
21317,96
84661B,96
46776C,96
35607B,96
23457,95
35819P,95
21196,95
20681,95
46000U,95
47348A,95
46000R,95
20771,94
84192,94
85129B,94
90214A,94
21002,93
22442,93
75172,93
21250,93
84509a,92
23477,92
84563B,92
21226,92
22785,92
22786,92
20731,91
22454,91
20794,91
84563A,90
79403,90
20762,90
35916B,90
23416,90
85198,90
22221,89
22837,89
84744,89
22869,89
20765,89
84673A,89
62096A,88
21082,88
20827,88
62086A,88
21369,87
84678,87
35004C,87
23117,87
21750,87
22770,86
51008,86
23069,86
47351B,86
20936,85
22513,85
21377,85
22108,85
22870,84
16020C,84
90209A,84
21472,84
21815,84
84859C,83
85179C,83
84609,83
18098C,83
21000,83
23496,82
22509,82
35916A,81
85163B,81
22394,81
20699,81
84687,81
22137,81
22882,80
84799,80
21689,80
90125D,80
72800C,80
23019,79
22157,79
20617,79
22124,79
17011F,79
20774,78
22512,78
21425,78
37423,78
21427,78
84925F,78
20903,78
35816P,78
23462,78
72800B,77
21946,77
90125C,77
23487,77
22881,77
23043,77
84595E,77
21307,77
21826,77
22166,77
21459,76
85188B,76
84592,76
21366,75
22503,75
21032,75
90030C,75
85118,75
20684,75
90201B,75
23116,74
90201D,74
84766,74
20705,74
20980,74
21647,74
84452,74
71403,74
84952B,74
22883,73
23460,73
21841,73
35920,72
90030A,72
72024U,72
17001,72
22880,71
21847,71
15056bl,71
21372,71
46776D,71
21361,71
22884,71
21741,71
23417,71
20657,70
21003,70
20700,70
90200E,70
20653,70
23137,70
72800D,70
90161C,70
84924A,69
22889,69
23444,69
23016,69
22407,69
20769,69
23492,69
22825,68
82095,68
37487B,68
85232A,68
35921,68
85124B,68
85049e,68
21911,67
90119,67
85027L,67
22885,67
21038,67
21279,67
20934,66
84576,66
84952A,66
84916,66
21629,66
84877D,66
20835,66
90201A,66
90200B,66
21324,66
21722,66
17090A,66
84915,66
22878,65
20760,65
21280,65
85163A,64
23017,64
22872,64
72801d,64
85049a,64
37475,64
20893,64
37468,64
20819,63
85026B,63
20763,63
20756,63
21547,62
22886,62
20796,62
23471,62
85020,61
21001,61
22871,61
21630,61
90170,61
84402B,61
46776E,60
90214S,60
22353,60
84741C,60
84750B,60
22194,60
90201C,60
84796A,59
17109D,59
72801D,59
21628,59
84707A,59
21351,59
84569B,59
22874,58
84030e,58
20759,58
23047,58
16207A,58
84507C,58
90161B,58
84919,58
47591d,58
23305,58
23141,58
22164,58
84708B,57
35638B,57
46775D,57
22877,57
85124C,56
22826,56
21190,56
90154,56
84804A,56
21128,56
22868,55
21627,55
22395,55
16046,55
21143,55
21157,54
20997,54
22875,54
90108,54
90198A,53
22824,53
23303,53
20941,53
21418,53
84927E,53
84527,52
85129C,52
84509E,52
47013C,52
35649,52
21129,52
44236,52
22873,52
44242B,52
79062D,52
71510,52
90149,52
22876,52
85135C,52
46126A,52
90214L,52
84226,51
84510a,51
84508C,51
23018,51
22887,51
23561,51
23466,51
22888,51
47559b,51
84875D,51
21614,51
72811,51
85006,51
84804B,51
21632,50
85130A,50
21054,50
23692,50
40046A,50
82613A,50
23472,50
23560,49
84429A,49
84638,49
20748,49
84508B,49
84686,49
16151A,49
90031,49
82011C,48
22655,48
84927A,48
21270,48
90214C,48
90214J,48
37444A,47
22802,47
90116,47
90160C,47
23304,47
84927D,46
20847,46
84600,46
35597D,46
84466,46
90214K,46
21100,46
84801A,46
21758,46
21131,46
21587,45
47341B,45
22879,45
21736,44
47344B,44
85168B,44
21720,44
85017C,44
90161D,43
85216,43
84809A,43
84597C,43
21814,43
37343,42
20661,42
82011B,42
20795,42
23458,42
21784,42
90200A,42
84993B,42
85114a,42
23580,42
23428,41
20694,41
84723,41
46138B,41
90120C,41
23038,41
21476,41
84461,41
84872A,40
84874B,40
84806A,40
84661A,40
16254,40
20696,40
84877A,40
84658,40
84989a,40
90013A,40
23015,40
84725,40
23576,40
90208,40
84597B,39
21904,39
90134,39
20773,39
84974,39
90214D,39
22202,39
20898,38
21413,38
78033,38
90018A,38
84870C,38
90158,38
85136A,38
21132,38
84549,38
35638A,38
21031,37
84846A,37
72801c,37
85145,37
85049B,37
37489D,37
90101,36
35913B,36
90071,36
22618,36
84631,36
79336,36
21655,36
90086,36
85045,36
90115,36
90059A,36
90164B,36
90214E,36
84507B,36
23611,36
85039a,36
90120B,36
23410,36
90096,36
90160D,36
23626,35
90206C,35
84905,35
84898F,35
84882,35
23151,35
90160A,34
21664,34
21686,34
21360,34
85197,34
84360,34
37476,34
23562,33
90198B,33
84870B,33
90214M,33
21910,33
85146,33
47369B,33
90174,33
90087,33
84745A,32
90183A,32
37489A,32
84745B,32
35833P,32
22827,32
72812,32
21375,32
85040a,32
90192,32
84688,32
72140E,31
21662,31
84760S,31
21278,31
37462E,31
84510c,31
23579,31
72801G,31
84952C,31
90197B,31
21816,31
47593A,31
90019A,31
84906,31
22184,31
90062,31
85161,31
23429,31
21333,31
72133,31
84985A,31
35818B,31
23442,31
90129B,30
22486,30
35637C,30
84509c,30
85055,30
90130B,30
79191D,30
84993a,30
37489B,30
85135B,30
84859B,30
90214G,30
84358,30
72369A,30
90098,29
16202B,29
22761,29
16207B,29
23575,29
90147,29
20666,29
84907,29
90129A,29
37471,29
90013B,28
22803,28
21460,28
35922,28
84510E,28
90205C,28
37488A,28
23465,28
90013C,28
20662,28
23459,28
20894,28
81953P,28
21269,28
90160B,28
16162M,28
21376,28
90118,28
35966,27
15056p,27
71050,27
85092,27
47341A,27
84016,27
90214H,27
85099f,27
90103,27
84712B,26
90143,26
90205A,26
20664,26
72709,26
79331,26
90185A,26
21336,26
21473,26
84989A,26
90003D,25
23448,25
21277,25
90003C,25
47369A,25
85136C,25
90185D,25
85114b,25
20782,25
79026B,25
90129F,24
84685,24
44089C,24
90162B,24
90014A,24
84206A,24
21420,24
84750A,24
23629,24
84857B,24
90191,24
85028S,24
20701,24
84033,23
90122C,23
22823,23
90184B,23
90145,23
90125B,23
84798A,23
37489C,22
20933,22
84548,22
20781,22
90210D,22
84732B,22
20663,22
90214I,22
84711A,22
90214R,22
90214N,22
90177C,22
84865,22
84910A,22
72799C,22
84388,22
84801B,22
90185C,22
21364,22
90129C,22
90204,21
84352,21
17090D,21
84559a,21
90177D,21
23430,21
84247K,21
90200C,21
85096,21
48189,21
20857,21
79071B,20
90016B,20
90122A,20
90085,20
90164A,20
84847,20
16162L,20
84629,20
35910A,20
90073,20
90175A,20
23441,20
44092C,20
23467,20
20667,20
90104,20
84661C,20
90129E,20
21392,19
90214B,19
37333,19
90166,19
90186B,19
23578,19
23468,19
90010E,19
90202D,19
90003E,19
21332,19
90184C,19
23440,19
20901,19
90093,19
90039D,19
84984A,19
81950V,19
90059F,19
84522,19
90099,19
84247N,19
84872a,19
90059D,19
84884a,19
20845,19
37444C,18
90018B,18
22656,18
84666,18
90072,18
22929,18
85135A,18
90185B,18
84711B,18
23614,18
84809B,18
21040,18
90202A,18
16010,18
84559b,18
85014b,18
20848,17
84709B,17
84707B,17
90144,17
20697,17
84803B,17
35265,17
90032,17
62043B,17
20821,17
17164B,17
90000D,17
84984B,17
90016A,17
90082A,17
90183B,17
47586A,17
20698,17
84796a,16
84539,16
84706F,16
21738,16
82011A,16
90059E,16
84715,16
90070,16
90190A,16
90202B,16
90161A,16
90180A,16
62074B,16
90210B,16
79149B,16
79066k,15
90169,15
90133,15
90123A,15
44089A,15
75013B,15
90081C,15
90175D,15
16202E,15
85030,15
84086B,15
84751B,15
90038A,15
20780,15
23632,15
84596f,15
90019B,15
85167B,15
90010A,15
62094B,15
90014B,15
84795b,14
90202C,14
47013A,14
20785,14
84746,14
90165B,14
90123C,14
90190C,14
90165A,14
85064,14
84536a,14
23447,14
84660c,14
44092B,14
85014a,14
72132,14
21281,14
90146,14
84842,14
85206B,14
90168,14
84823,14
23143,14
84925D,14
23574,13
84616,13
90067A,13
90059C,13
23446,13
22125,13
23464,13
84201B,13
23603,13
90040B,13
84575A,13
85089,13
84551,13
35647,13
85031A,13
20670,13
90003B,13
90000A,13
47589,13
71496B,13
90022,13
90028,13
90177A,13
35910B,13
22351,13
20818,13
21657,13
90199C,13
16248B,13
90173,13
21393,13
90036E,13
84984D,13
90018C,12
90162C,12
72783,12
90214V,12
84415A,12
90063A,12
47590b,12
90064B,12
23449,12
84462,12
90038B,12
90177E,12
17007B,12
90012B,12
10124A,12
90190B,12
84816,12
44242A,12
44228,12
90040C,12
90214F,12
35817P,12
90083,12
90129D,12
21344,12
10124G,12
46000P,12
90194,12
84705C,12
85185D,11
21651,11
21275,11
90011B,11
40005B,11
90124B,11
90182C,11
90125E,11
84732D,11
23613,11
20778,11
72821,11
90141A,11
90214T,11
81953B,11
90023,11
72351a,11
90059B,11
84798B,11
90124C,11
90181B,11
84387A,11
90036D,11
90039B,10
90079,10
90040A,10
90163A,10
90064A,10
90012A,10
90094,10
90214P,10
90102,10
90000B,10
90157,10
gift_0001_20,10
23463,10
84465,10
84924F,10
23620,10
79151B,10
85028L,10
20798,10
37351,10
84497,10
85024C,10
23637,10
84921,10
84306,10
71215,10
21461,10
90123B,9
90082B,9
90081A,9
90177B,9
90175B,9
22828,9
85232B,9
17165D,9
44091A,9
90206A,9
90142D,9
17174,9
35400,9
90063B,9
84675,9
90120D,9
35598A,9
21331,9
62097B,9
90037B,9
90141C,9
85132b,9
20851,9
90130C,9
90038C,9
85189,9
35909B,8
90135,8
90199A,8
23646,8
90076,8
23625,8
37491C,8
90033,8
90036C,8
90183C,8
35809B,8
90184A,8
84805A,8
90187B,8
90210A,8
35909A,8
gift_0001_10,8
23623,8
23601,8
72807a,8
23607,8
21692,8
90148,8
79323B,8
90124A,8
90138,8
20816,8
84206C,8
90155,8
90162D,7
35443,7
90050,7
90186A,7
23627,7
90211A,7
90051,7
90065A,7
72802a,7
90214Z,7
85017A,7
90181A,7
21357,7
90182A,7
78034B,7
90176D,7
90175C,7
gift_0001_30,7
21370,7
90019C,7
90039A,7
90010B,7
84881,7
90024B,7
90141B,7
23640,7
46776f,7
21761,7
23645,7
16244B,7
16202A,7
35809a,7
20793,7
37330,6
90130A,6
90162A,6
37379A,6
84706D,6
84632,6
72798C,6
47593b,6
79329,6
46115B,6
90123D,6
20960,6
90163B,6
21763,6
20935,6
90122B,6
84499,6
90159,6
84415B,6
21757,6
84922,6
90036A,6
84968e,6
85008,6
90002D,6
90001D,6
17028J,6
21349,6
90195A,6
85132a,6
85231g,6
22415,6
85160A,6
90036F,6
90054,5
90120A,5
23616,5
90001A,5
90001B,5
90199D,5
90131,5
90011A,5
46776a,5
84509b,5
90199B,5
90089,5
84201C,5
84206B,5
21228,5
48173c,5
90014C,5
72807c,5
23612,5
84593,5
90027C,5
16206B,5
90141E,5
90188,5
37491A,5
90049,5
90214Y,5
84613A,5
90029,5
79157V,5
22764,5
90060F,5
90212B,4
90141D,4
90214W,4
18097A,4
90211B,4
90212C,4
90156,4
79323P,4
23604,4
23605,4
23619,4
72807b,4
10123C,4
90001C,4
90152A,4
90210C,4
23624,4
90041,4
47574B,4
23702,4
37491D,4
20678,4
37491B,4
84856S,4
90179A,4
84660a,4
90179C,4
90035A,4
35645,4
90182B,4
90036B,4
20695,4
90037C,4
84802B,4
90043,4
84968a,4
90039C,4
90025F,4
90026C,4
90024F,4
23639,4
47518f,4
22206,4
21416,4
23644,4
23634,4
90075,4
90180B,3
23636,3
23633,3
21661,3
90196A,3
90137,3
90176B,3
23650,3
90176C,3
90196B,3
90178A,3
45013,3
23654,3
23608,3
23610,3
90176E,3
90176A,3
23615,3
21690,3
85195,3
gift_0001_50,3
82613c,3
90011E,3
90013D,3
84968d,3
84963B,3
90024C,3
90025D,3
90026B,3
90026D,3
90027D,3
84840,3
90074,3
84596g,3
84803A,3
84617,3
90042C,3
90046,3
90048,3
90053,3
90055,3
90005A,3
84689,3
85115B,3
85132c,3
79157B,3
85224,3
15060b,3
22833,3
90130D,3
85047,3
85034a,3
79192A,3
84805B,2
85049d,2
84824,2
35598C,2
90195B,2
35607A,2
90035C,2
23621,2
90189A,2
35591T,2
84795C,2
84731,2
90042A,2
DCGS0003,2
90052,2
85184c,2
gift_0001_40,2
90214O,2
90027B,2
84873A,2
85049b,2
90011C,2
90011D,2
23617,2
84990,2
84971l,2
23630,2
90016C,2
84968B,2
22830,2
37444B,2
23638,2
90024D,2
90025A,2
23649,2
85036a,2
23652,2
90026A,2
85231b,2
17191A,2
23635,2
90136,2
44265,2
90067B,2
21836,2
84509g,2
21667,2
62096B,2
20964,2
47016,2
21681,2
82613b,2
90151,2
79161A,2
90126C,2
90127A,2
90128A,2
90069,2
20906,2
90065B,2
72815,2
84679,2
22034,2
20820,2
90132,2
85067,1
85179a,1
84031a,1
85018D,1
DCGS0069,1
84031b,1
90140,1
51014c,1
84977,1
84227,1
21827,1
23628,1
DCGS0004,1
82613a,1
22323,1
82605,1
85034b,1
90152C,1
21310,1
23609,1
22769,1
77079,1
21839,1
90128D,1
85049c,1
72802c,1
85225,1
23602,1
90128C,1
90056,1
90021,1
90100,1
47570b,1
84569C,1
90034,1
20703,1
90068,1
35650,1
84596l,1
90037A,1
90187A,1
22146,1
22016,1
21414,1
90135A,1
90179B,1
90184c,1
84660b,1
84661a,1
84661b,1
90183c,1
21488,1
90077,1
84856L,1
84562A,1
90025B,1
90092,1
90020,1
90181C,1
84510e,1
90084,1
23643,1
90024E,1
84534B,1
90082D,1
90081B,1
90025E,1
46776e,1
23664,1
46776b,1
84550,1
90027A,1
21594,1
84558a,1
84743C,1
