feature,raw_min,raw_max,raw_mean,raw_sample_std,scaled_mean,scaled_population_std
UnitsLag1,0.0,4562.0,31.591356568622732,98.46369311394476,-1.7786656842788818e-17,1.0
UnitsLag2,0.0,4562.0,30.9936817022096,97.67099075075197,-6.841021862611084e-19,1.0
UnitsLag4,0.0,4562.0,30.870504982429114,97.08105246967773,2.7364087450444335e-18,1.0
RollingMean4,0.0,1995.75,31.04545864824532,74.50276833962312,0.0,1.0
RollingStd4,0.0,1776.8061937082502,21.95904830646937,59.13047554568047,-3.010049619548877e-17,0.9999999999999999
ZeroWeeksLast4,0.0,4.0,1.3983175275598132,1.4246757483572232,0.0,0.9999999999999999
WeeksSinceFirstSale,4.0,37.0,21.23454724883262,9.243867418063322,4.3782539920710936e-17,0.9999999999999998
PriorSellingWeeks,4.0,36.0,13.730214701776344,8.213318958167767,4.3782539920710936e-17,1.0
LastObservedUnitPrice,0.04,295.0,3.659258051316613,7.733565359818073,-2.052306558783325e-17,1.0
WeekSin,-0.8149647071196691,0.9999857229360024,0.32680069892963365,0.594232406320227,0.0,1.0
WeekCos,-0.9999428921516786,0.9711382293354899,-0.37012793789904097,0.6349043715312409,-2.6269523952426563e-16,1.0
